accession	in_sent_fasta	fasta_header	sequence_length	af3_return_found	af3_model_count	af3_model_paths	confidence_json_found	pae_json_found	protein_present	dna_present	valid_interface_any_model	best_model_path	best_model_rank	atom_contacts	protein_interface_residues	dna_interface_residues	final_return_status	notes
A0A0A7M2K0	YES	A0A0A7M2K0|gene=|primary=Identical_PWM|family=SAM_PNT|no_active_pdb_model ZFPM2-ELF5 fusion protein	177	YES	6	/data/sbi/interchange/boliva/patricia/AF3/A0A0A7M2K0/A0A0A7M2K0_model.cif;/data/sbi/interchange/boliva/patricia/AF3/A0A0A7M2K0/seed-1_sample-0/A0A0A7M2K0_seed-1_sample-0_model.cif;/data/sbi/interchange/boliva/patricia/AF3/A0A0A7M2K0/seed-1_sample-1/A0A0A7M2K0_seed-1_sample-1_model.cif;/data/sbi/interchange/boliva/patricia/AF3/A0A0A7M2K0/seed-1_sample-2/A0A0A7M2K0_seed-1_sample-2_model.cif;/data/sbi/interchange/boliva/patricia/AF3/A0A0A7M2K0/seed-1_sample-3/A0A0A7M2K0_seed-1_sample-3_model.cif;/data/sbi/interchange/boliva/patricia/AF3/A0A0A7M2K0/seed-1_sample-4/A0A0A7M2K0_seed-1_sample-4_model.cif	YES	YES	YES	YES	NO	/data/sbi/interchange/boliva/patricia/AF3/A0A0A7M2K0/A0A0A7M2K0_model.cif	1	0	0	0	AF3_RETURN_EMPTY_INTERFACE	Preferred complete empty-interface model by ranking score and selected-model status. Model results: FAIL_EMPTY_PROTEIN_DNA_INTERFACE=6.
A0A0S2Z3Q5	YES	A0A0S2Z3Q5|gene=EGR2|primary=Identical_PWM|family=DUF3446|no_active_pdb_model Early growth response 2 isoform 1	282	YES	6	/data/sbi/interchange/boliva/patricia/AF3/A0A0S2Z3Q5/A0A0S2Z3Q5_model.cif;/data/sbi/interchange/boliva/patricia/AF3/A0A0S2Z3Q5/seed-1_sample-0/A0A0S2Z3Q5_seed-1_sample-0_model.cif;/data/sbi/interchange/boliva/patricia/AF3/A0A0S2Z3Q5/seed-1_sample-1/A0A0S2Z3Q5_seed-1_sample-1_model.cif;/data/sbi/interchange/boliva/patricia/AF3/A0A0S2Z3Q5/seed-1_sample-2/A0A0S2Z3Q5_seed-1_sample-2_model.cif;/data/sbi/interchange/boliva/patricia/AF3/A0A0S2Z3Q5/seed-1_sample-3/A0A0S2Z3Q5_seed-1_sample-3_model.cif;/data/sbi/interchange/boliva/patricia/AF3/A0A0S2Z3Q5/seed-1_sample-4/A0A0S2Z3Q5_seed-1_sample-4_model.cif	YES	YES	YES	YES	NO	/data/sbi/interchange/boliva/patricia/AF3/A0A0S2Z3Q5/A0A0S2Z3Q5_model.cif	1	0	0	0	AF3_RETURN_EMPTY_INTERFACE	Preferred complete empty-interface model by ranking score and selected-model status. Model results: FAIL_EMPTY_PROTEIN_DNA_INTERFACE=6.
A0A0U4U3E8	YES	A0A0U4U3E8|gene=SOX9|primary=Identical_PWM|family=CytochromB561_N|no_active_pdb_model SRY (Sex determining region Y)-box9	159	YES	6	/data/sbi/interchange/boliva/patricia/AF3/A0A0U4U3E8/A0A0U4U3E8_model.cif;/data/sbi/interchange/boliva/patricia/AF3/A0A0U4U3E8/seed-1_sample-0/A0A0U4U3E8_seed-1_sample-0_model.cif;/data/sbi/interchange/boliva/patricia/AF3/A0A0U4U3E8/seed-1_sample-1/A0A0U4U3E8_seed-1_sample-1_model.cif;/data/sbi/interchange/boliva/patricia/AF3/A0A0U4U3E8/seed-1_sample-2/A0A0U4U3E8_seed-1_sample-2_model.cif;/data/sbi/interchange/boliva/patricia/AF3/A0A0U4U3E8/seed-1_sample-3/A0A0U4U3E8_seed-1_sample-3_model.cif;/data/sbi/interchange/boliva/patricia/AF3/A0A0U4U3E8/seed-1_sample-4/A0A0U4U3E8_seed-1_sample-4_model.cif	YES	YES	YES	YES	NO	/data/sbi/interchange/boliva/patricia/AF3/A0A0U4U3E8/A0A0U4U3E8_model.cif	1	0	0	0	AF3_RETURN_EMPTY_INTERFACE	Preferred complete empty-interface model by ranking score and selected-model status. Model results: FAIL_EMPTY_PROTEIN_DNA_INTERFACE=6.
A0A1B0GUL0	YES	A0A1B0GUL0|gene=EGR2|primary=Identical_PWM|family=DUF3446|no_active_pdb_model E3 SUMO-protein ligase EGR2	139	YES	6	/data/sbi/interchange/boliva/patricia/AF3/A0A1B0GUL0/A0A1B0GUL0_model.cif;/data/sbi/interchange/boliva/patricia/AF3/A0A1B0GUL0/seed-1_sample-0/A0A1B0GUL0_seed-1_sample-0_model.cif;/data/sbi/interchange/boliva/patricia/AF3/A0A1B0GUL0/seed-1_sample-1/A0A1B0GUL0_seed-1_sample-1_model.cif;/data/sbi/interchange/boliva/patricia/AF3/A0A1B0GUL0/seed-1_sample-2/A0A1B0GUL0_seed-1_sample-2_model.cif;/data/sbi/interchange/boliva/patricia/AF3/A0A1B0GUL0/seed-1_sample-3/A0A1B0GUL0_seed-1_sample-3_model.cif;/data/sbi/interchange/boliva/patricia/AF3/A0A1B0GUL0/seed-1_sample-4/A0A1B0GUL0_seed-1_sample-4_model.cif	YES	YES	YES	YES	NO	/data/sbi/interchange/boliva/patricia/AF3/A0A1B0GUL0/A0A1B0GUL0_model.cif	1	0	0	0	AF3_RETURN_EMPTY_INTERFACE	Preferred complete empty-interface model by ranking score and selected-model status. Model results: FAIL_EMPTY_PROTEIN_DNA_INTERFACE=6.
A0A2R8Y7P3	YES	A0A2R8Y7P3|gene=SOX5|primary=Homologous_PWM|family=cIII|no_active_pdb_model SRY-box transcription factor 5	107	YES	6	/data/sbi/interchange/boliva/patricia/AF3/A0A2R8Y7P3/A0A2R8Y7P3_model.cif;/data/sbi/interchange/boliva/patricia/AF3/A0A2R8Y7P3/seed-1_sample-0/A0A2R8Y7P3_seed-1_sample-0_model.cif;/data/sbi/interchange/boliva/patricia/AF3/A0A2R8Y7P3/seed-1_sample-1/A0A2R8Y7P3_seed-1_sample-1_model.cif;/data/sbi/interchange/boliva/patricia/AF3/A0A2R8Y7P3/seed-1_sample-2/A0A2R8Y7P3_seed-1_sample-2_model.cif;/data/sbi/interchange/boliva/patricia/AF3/A0A2R8Y7P3/seed-1_sample-3/A0A2R8Y7P3_seed-1_sample-3_model.cif;/data/sbi/interchange/boliva/patricia/AF3/A0A2R8Y7P3/seed-1_sample-4/A0A2R8Y7P3_seed-1_sample-4_model.cif	YES	YES	YES	YES	NO	/data/sbi/interchange/boliva/patricia/AF3/A0A2R8Y7P3/A0A2R8Y7P3_model.cif	1	0	0	0	AF3_RETURN_EMPTY_INTERFACE	Preferred complete empty-interface model by ranking score and selected-model status. Model results: FAIL_EMPTY_PROTEIN_DNA_INTERFACE=6.
A0A494C0B5	YES	A0A494C0B5|gene=STAT2|primary=Homologous_PWM|family=STAT_alpha,STAT_int,CorA|no_active_pdb_model Signal transducer and activator of transcription 2	199	YES	18	/data/sbi/interchange/boliva/patricia/AF3/A0A494C0B5/A0A494C0B5_model.cif;/data/sbi/interchange/boliva/patricia/AF3/A0A494C0B5/seed-1_sample-0/A0A494C0B5_seed-1_sample-0_model.cif;/data/sbi/interchange/boliva/patricia/AF3/A0A494C0B5/seed-1_sample-1/A0A494C0B5_seed-1_sample-1_model.cif;/data/sbi/interchange/boliva/patricia/AF3/A0A494C0B5/seed-1_sample-2/A0A494C0B5_seed-1_sample-2_model.cif;/data/sbi/interchange/boliva/patricia/AF3/A0A494C0B5/seed-1_sample-3/A0A494C0B5_seed-1_sample-3_model.cif;/data/sbi/interchange/boliva/patricia/AF3/A0A494C0B5/seed-1_sample-4/A0A494C0B5_seed-1_sample-4_model.cif;/data/sbi/interchange/boliva/patricia/AF3/A0A494C0B5_dimer/A0A494C0B5_dimer_model.cif;/data/sbi/interchange/boliva/patricia/AF3/A0A494C0B5_dimer/seed-1_sample-0/A0A494C0B5_dimer_seed-1_sample-0_model.cif;/data/sbi/interchange/boliva/patricia/AF3/A0A494C0B5_dimer/seed-1_sample-1/A0A494C0B5_dimer_seed-1_sample-1_model.cif;/data/sbi/interchange/boliva/patricia/AF3/A0A494C0B5_dimer/seed-1_sample-2/A0A494C0B5_dimer_seed-1_sample-2_model.cif;/data/sbi/interchange/boliva/patricia/AF3/A0A494C0B5_dimer/seed-1_sample-3/A0A494C0B5_dimer_seed-1_sample-3_model.cif;/data/sbi/interchange/boliva/patricia/AF3/A0A494C0B5_dimer/seed-1_sample-4/A0A494C0B5_dimer_seed-1_sample-4_model.cif;/data/sbi/interchange/boliva/patricia/AF3/A0A494C0B5_monomer/A0A494C0B5_monomer_model.cif;/data/sbi/interchange/boliva/patricia/AF3/A0A494C0B5_monomer/seed-1_sample-0/A0A494C0B5_monomer_seed-1_sample-0_model.cif;/data/sbi/interchange/boliva/patricia/AF3/A0A494C0B5_monomer/seed-1_sample-1/A0A494C0B5_monomer_seed-1_sample-1_model.cif;/data/sbi/interchange/boliva/patricia/AF3/A0A494C0B5_monomer/seed-1_sample-2/A0A494C0B5_monomer_seed-1_sample-2_model.cif;/data/sbi/interchange/boliva/patricia/AF3/A0A494C0B5_monomer/seed-1_sample-3/A0A494C0B5_monomer_seed-1_sample-3_model.cif;/data/sbi/interchange/boliva/patricia/AF3/A0A494C0B5_monomer/seed-1_sample-4/A0A494C0B5_monomer_seed-1_sample-4_model.cif	YES	YES	YES	YES	NO	/data/sbi/interchange/boliva/patricia/AF3/A0A494C0B5_monomer/A0A494C0B5_monomer_model.cif	1	0	0	0	AF3_RETURN_EMPTY_INTERFACE	Preferred complete empty-interface model by ranking score and selected-model status. Model results: FAIL_EMPTY_PROTEIN_DNA_INTERFACE=18.
A0A6Q8PFH6	YES	A0A6Q8PFH6|gene=ATF4|primary=Identical_PWM|family=|no_active_pdb_model Cyclic AMP-dependent transcription factor ATF-4	126	YES	6	/data/sbi/interchange/boliva/patricia/AF3/A0A6Q8PFH6/A0A6Q8PFH6_model.cif;/data/sbi/interchange/boliva/patricia/AF3/A0A6Q8PFH6/seed-1_sample-0/A0A6Q8PFH6_seed-1_sample-0_model.cif;/data/sbi/interchange/boliva/patricia/AF3/A0A6Q8PFH6/seed-1_sample-1/A0A6Q8PFH6_seed-1_sample-1_model.cif;/data/sbi/interchange/boliva/patricia/AF3/A0A6Q8PFH6/seed-1_sample-2/A0A6Q8PFH6_seed-1_sample-2_model.cif;/data/sbi/interchange/boliva/patricia/AF3/A0A6Q8PFH6/seed-1_sample-3/A0A6Q8PFH6_seed-1_sample-3_model.cif;/data/sbi/interchange/boliva/patricia/AF3/A0A6Q8PFH6/seed-1_sample-4/A0A6Q8PFH6_seed-1_sample-4_model.cif	YES	YES	YES	YES	NO	/data/sbi/interchange/boliva/patricia/AF3/A0A6Q8PFH6/A0A6Q8PFH6_model.cif	1	0	0	0	AF3_RETURN_EMPTY_INTERFACE	Preferred complete empty-interface model by ranking score and selected-model status. Model results: FAIL_EMPTY_PROTEIN_DNA_INTERFACE=6.
A0A6Q8PGY1	YES	A0A6Q8PGY1|gene=ATF4|primary=Identical_PWM|family=|no_active_pdb_model Cyclic AMP-dependent transcription factor ATF-4	189	YES	6	/data/sbi/interchange/boliva/patricia/AF3/A0A6Q8PGY1/A0A6Q8PGY1_model.cif;/data/sbi/interchange/boliva/patricia/AF3/A0A6Q8PGY1/seed-1_sample-0/A0A6Q8PGY1_seed-1_sample-0_model.cif;/data/sbi/interchange/boliva/patricia/AF3/A0A6Q8PGY1/seed-1_sample-1/A0A6Q8PGY1_seed-1_sample-1_model.cif;/data/sbi/interchange/boliva/patricia/AF3/A0A6Q8PGY1/seed-1_sample-2/A0A6Q8PGY1_seed-1_sample-2_model.cif;/data/sbi/interchange/boliva/patricia/AF3/A0A6Q8PGY1/seed-1_sample-3/A0A6Q8PGY1_seed-1_sample-3_model.cif;/data/sbi/interchange/boliva/patricia/AF3/A0A6Q8PGY1/seed-1_sample-4/A0A6Q8PGY1_seed-1_sample-4_model.cif	YES	YES	YES	YES	NO	/data/sbi/interchange/boliva/patricia/AF3/A0A6Q8PGY1/A0A6Q8PGY1_model.cif	1	0	0	0	AF3_RETURN_EMPTY_INTERFACE	Preferred complete empty-interface model by ranking score and selected-model status. Model results: FAIL_EMPTY_PROTEIN_DNA_INTERFACE=6.
A0A6Q8PHB3	YES	A0A6Q8PHB3|gene=ATF4|primary=Identical_PWM|family=|no_active_pdb_model Cyclic AMP-dependent transcription factor ATF-4	121	YES	6	/data/sbi/interchange/boliva/patricia/AF3/A0A6Q8PHB3/A0A6Q8PHB3_model.cif;/data/sbi/interchange/boliva/patricia/AF3/A0A6Q8PHB3/seed-1_sample-0/A0A6Q8PHB3_seed-1_sample-0_model.cif;/data/sbi/interchange/boliva/patricia/AF3/A0A6Q8PHB3/seed-1_sample-1/A0A6Q8PHB3_seed-1_sample-1_model.cif;/data/sbi/interchange/boliva/patricia/AF3/A0A6Q8PHB3/seed-1_sample-2/A0A6Q8PHB3_seed-1_sample-2_model.cif;/data/sbi/interchange/boliva/patricia/AF3/A0A6Q8PHB3/seed-1_sample-3/A0A6Q8PHB3_seed-1_sample-3_model.cif;/data/sbi/interchange/boliva/patricia/AF3/A0A6Q8PHB3/seed-1_sample-4/A0A6Q8PHB3_seed-1_sample-4_model.cif	YES	YES	YES	YES	NO	/data/sbi/interchange/boliva/patricia/AF3/A0A6Q8PHB3/A0A6Q8PHB3_model.cif	1	0	0	0	AF3_RETURN_EMPTY_INTERFACE	Preferred complete empty-interface model by ranking score and selected-model status. Model results: FAIL_EMPTY_PROTEIN_DNA_INTERFACE=6.
A0A7P0T8Y1	YES	A0A7P0T8Y1|gene=ATF6|primary=Identical_PWM|family=NICE-3|no_active_pdb_model Activating transcription factor 6	150	YES	6	/data/sbi/interchange/boliva/patricia/AF3/A0A7P0T8Y1/A0A7P0T8Y1_model.cif;/data/sbi/interchange/boliva/patricia/AF3/A0A7P0T8Y1/seed-1_sample-0/A0A7P0T8Y1_seed-1_sample-0_model.cif;/data/sbi/interchange/boliva/patricia/AF3/A0A7P0T8Y1/seed-1_sample-1/A0A7P0T8Y1_seed-1_sample-1_model.cif;/data/sbi/interchange/boliva/patricia/AF3/A0A7P0T8Y1/seed-1_sample-2/A0A7P0T8Y1_seed-1_sample-2_model.cif;/data/sbi/interchange/boliva/patricia/AF3/A0A7P0T8Y1/seed-1_sample-3/A0A7P0T8Y1_seed-1_sample-3_model.cif;/data/sbi/interchange/boliva/patricia/AF3/A0A7P0T8Y1/seed-1_sample-4/A0A7P0T8Y1_seed-1_sample-4_model.cif	YES	YES	YES	YES	NO	/data/sbi/interchange/boliva/patricia/AF3/A0A7P0T8Y1/A0A7P0T8Y1_model.cif	1	0	0	0	AF3_RETURN_EMPTY_INTERFACE	Preferred complete empty-interface model by ranking score and selected-model status. Model results: FAIL_EMPTY_PROTEIN_DNA_INTERFACE=6.
A0A7P0T992	YES	A0A7P0T992|gene=ATF6|primary=Identical_PWM|family=NICE-3|no_active_pdb_model Activating transcription factor 6	286	YES	6	/data/sbi/interchange/boliva/patricia/AF3/A0A7P0T992/A0A7P0T992_model.cif;/data/sbi/interchange/boliva/patricia/AF3/A0A7P0T992/seed-1_sample-0/A0A7P0T992_seed-1_sample-0_model.cif;/data/sbi/interchange/boliva/patricia/AF3/A0A7P0T992/seed-1_sample-1/A0A7P0T992_seed-1_sample-1_model.cif;/data/sbi/interchange/boliva/patricia/AF3/A0A7P0T992/seed-1_sample-2/A0A7P0T992_seed-1_sample-2_model.cif;/data/sbi/interchange/boliva/patricia/AF3/A0A7P0T992/seed-1_sample-3/A0A7P0T992_seed-1_sample-3_model.cif;/data/sbi/interchange/boliva/patricia/AF3/A0A7P0T992/seed-1_sample-4/A0A7P0T992_seed-1_sample-4_model.cif	YES	YES	YES	YES	NO	/data/sbi/interchange/boliva/patricia/AF3/A0A7P0T992/A0A7P0T992_model.cif	1	0	0	0	AF3_RETURN_EMPTY_INTERFACE	Preferred complete empty-interface model by ranking score and selected-model status. Model results: FAIL_EMPTY_PROTEIN_DNA_INTERFACE=6.
A0A7P0TAB8	YES	A0A7P0TAB8|gene=ATF6|primary=Identical_PWM|family=|no_active_pdb_model Activating transcription factor 6	89	YES	6	/data/sbi/interchange/boliva/patricia/AF3/A0A7P0TAB8/A0A7P0TAB8_model.cif;/data/sbi/interchange/boliva/patricia/AF3/A0A7P0TAB8/seed-1_sample-0/A0A7P0TAB8_seed-1_sample-0_model.cif;/data/sbi/interchange/boliva/patricia/AF3/A0A7P0TAB8/seed-1_sample-1/A0A7P0TAB8_seed-1_sample-1_model.cif;/data/sbi/interchange/boliva/patricia/AF3/A0A7P0TAB8/seed-1_sample-2/A0A7P0TAB8_seed-1_sample-2_model.cif;/data/sbi/interchange/boliva/patricia/AF3/A0A7P0TAB8/seed-1_sample-3/A0A7P0TAB8_seed-1_sample-3_model.cif;/data/sbi/interchange/boliva/patricia/AF3/A0A7P0TAB8/seed-1_sample-4/A0A7P0TAB8_seed-1_sample-4_model.cif	YES	YES	YES	YES	NO	/data/sbi/interchange/boliva/patricia/AF3/A0A7P0TAB8/A0A7P0TAB8_model.cif	1	0	0	0	AF3_RETURN_EMPTY_INTERFACE	Preferred complete empty-interface model by ranking score and selected-model status. Model results: FAIL_EMPTY_PROTEIN_DNA_INTERFACE=6.
A0A804HIG1	YES	A0A804HIG1|gene=PPARG|primary=Identical_PWM|family=PPARgamma_N|no_active_pdb_model Peroxisome proliferator-activated receptor gamma (PPAR-gamma) (Nuclear receptor subfamily 1 group C member 3)	92	YES	6	/data/sbi/interchange/boliva/patricia/AF3/A0A804HIG1/A0A804HIG1_model.cif;/data/sbi/interchange/boliva/patricia/AF3/A0A804HIG1/seed-1_sample-0/A0A804HIG1_seed-1_sample-0_model.cif;/data/sbi/interchange/boliva/patricia/AF3/A0A804HIG1/seed-1_sample-1/A0A804HIG1_seed-1_sample-1_model.cif;/data/sbi/interchange/boliva/patricia/AF3/A0A804HIG1/seed-1_sample-2/A0A804HIG1_seed-1_sample-2_model.cif;/data/sbi/interchange/boliva/patricia/AF3/A0A804HIG1/seed-1_sample-3/A0A804HIG1_seed-1_sample-3_model.cif;/data/sbi/interchange/boliva/patricia/AF3/A0A804HIG1/seed-1_sample-4/A0A804HIG1_seed-1_sample-4_model.cif	YES	YES	YES	YES	NO	/data/sbi/interchange/boliva/patricia/AF3/A0A804HIG1/A0A804HIG1_model.cif	1	0	0	0	AF3_RETURN_EMPTY_INTERFACE	Preferred complete empty-interface model by ranking score and selected-model status. Model results: FAIL_EMPTY_PROTEIN_DNA_INTERFACE=6.
A0A804HLH1	YES	A0A804HLH1|gene=PPARG|primary=Identical_PWM|family=PPARgamma_N|no_active_pdb_model Peroxisome proliferator-activated receptor gamma (PPAR-gamma) (Nuclear receptor subfamily 1 group C member 3)	77	YES	6	/data/sbi/interchange/boliva/patricia/AF3/A0A804HLH1/A0A804HLH1_model.cif;/data/sbi/interchange/boliva/patricia/AF3/A0A804HLH1/seed-1_sample-0/A0A804HLH1_seed-1_sample-0_model.cif;/data/sbi/interchange/boliva/patricia/AF3/A0A804HLH1/seed-1_sample-1/A0A804HLH1_seed-1_sample-1_model.cif;/data/sbi/interchange/boliva/patricia/AF3/A0A804HLH1/seed-1_sample-2/A0A804HLH1_seed-1_sample-2_model.cif;/data/sbi/interchange/boliva/patricia/AF3/A0A804HLH1/seed-1_sample-3/A0A804HLH1_seed-1_sample-3_model.cif;/data/sbi/interchange/boliva/patricia/AF3/A0A804HLH1/seed-1_sample-4/A0A804HLH1_seed-1_sample-4_model.cif	YES	YES	YES	YES	NO	/data/sbi/interchange/boliva/patricia/AF3/A0A804HLH1/A0A804HLH1_model.cif	1	0	0	0	AF3_RETURN_EMPTY_INTERFACE	Preferred complete empty-interface model by ranking score and selected-model status. Model results: FAIL_EMPTY_PROTEIN_DNA_INTERFACE=6.
A0A8Q3WLX6	YES	A0A8Q3WLX6|gene=ZBTB18|primary=Identical_PWM|family=BTB|no_active_pdb_model Zinc finger and BTB domain containing 18	227	YES	6	/data/sbi/interchange/boliva/patricia/AF3/A0A8Q3WLX6/A0A8Q3WLX6_model.cif;/data/sbi/interchange/boliva/patricia/AF3/A0A8Q3WLX6/seed-1_sample-0/A0A8Q3WLX6_seed-1_sample-0_model.cif;/data/sbi/interchange/boliva/patricia/AF3/A0A8Q3WLX6/seed-1_sample-1/A0A8Q3WLX6_seed-1_sample-1_model.cif;/data/sbi/interchange/boliva/patricia/AF3/A0A8Q3WLX6/seed-1_sample-2/A0A8Q3WLX6_seed-1_sample-2_model.cif;/data/sbi/interchange/boliva/patricia/AF3/A0A8Q3WLX6/seed-1_sample-3/A0A8Q3WLX6_seed-1_sample-3_model.cif;/data/sbi/interchange/boliva/patricia/AF3/A0A8Q3WLX6/seed-1_sample-4/A0A8Q3WLX6_seed-1_sample-4_model.cif	YES	YES	YES	YES	NO	/data/sbi/interchange/boliva/patricia/AF3/A0A8Q3WLX6/A0A8Q3WLX6_model.cif	1	0	0	0	AF3_RETURN_EMPTY_INTERFACE	Preferred complete empty-interface model by ranking score and selected-model status. Model results: FAIL_EMPTY_PROTEIN_DNA_INTERFACE=6.
A0A8V8TLI6	YES	A0A8V8TLI6|gene=STAT1|primary=Identical_PWM|family=Sfi1_C,STAT_alpha,STAT_int|no_active_pdb_model Signal transducer and activator of transcription 1	212	YES	18	/data/sbi/interchange/boliva/patricia/AF3/A0A8V8TLI6/A0A8V8TLI6_model.cif;/data/sbi/interchange/boliva/patricia/AF3/A0A8V8TLI6/seed-1_sample-0/A0A8V8TLI6_seed-1_sample-0_model.cif;/data/sbi/interchange/boliva/patricia/AF3/A0A8V8TLI6/seed-1_sample-1/A0A8V8TLI6_seed-1_sample-1_model.cif;/data/sbi/interchange/boliva/patricia/AF3/A0A8V8TLI6/seed-1_sample-2/A0A8V8TLI6_seed-1_sample-2_model.cif;/data/sbi/interchange/boliva/patricia/AF3/A0A8V8TLI6/seed-1_sample-3/A0A8V8TLI6_seed-1_sample-3_model.cif;/data/sbi/interchange/boliva/patricia/AF3/A0A8V8TLI6/seed-1_sample-4/A0A8V8TLI6_seed-1_sample-4_model.cif;/data/sbi/interchange/boliva/patricia/AF3/A0A8V8TLI6_dimer/A0A8V8TLI6_dimer_model.cif;/data/sbi/interchange/boliva/patricia/AF3/A0A8V8TLI6_dimer/seed-1_sample-0/A0A8V8TLI6_dimer_seed-1_sample-0_model.cif;/data/sbi/interchange/boliva/patricia/AF3/A0A8V8TLI6_dimer/seed-1_sample-1/A0A8V8TLI6_dimer_seed-1_sample-1_model.cif;/data/sbi/interchange/boliva/patricia/AF3/A0A8V8TLI6_dimer/seed-1_sample-2/A0A8V8TLI6_dimer_seed-1_sample-2_model.cif;/data/sbi/interchange/boliva/patricia/AF3/A0A8V8TLI6_dimer/seed-1_sample-3/A0A8V8TLI6_dimer_seed-1_sample-3_model.cif;/data/sbi/interchange/boliva/patricia/AF3/A0A8V8TLI6_dimer/seed-1_sample-4/A0A8V8TLI6_dimer_seed-1_sample-4_model.cif;/data/sbi/interchange/boliva/patricia/AF3/A0A8V8TLI6_monomer/A0A8V8TLI6_monomer_model.cif;/data/sbi/interchange/boliva/patricia/AF3/A0A8V8TLI6_monomer/seed-1_sample-0/A0A8V8TLI6_monomer_seed-1_sample-0_model.cif;/data/sbi/interchange/boliva/patricia/AF3/A0A8V8TLI6_monomer/seed-1_sample-1/A0A8V8TLI6_monomer_seed-1_sample-1_model.cif;/data/sbi/interchange/boliva/patricia/AF3/A0A8V8TLI6_monomer/seed-1_sample-2/A0A8V8TLI6_monomer_seed-1_sample-2_model.cif;/data/sbi/interchange/boliva/patricia/AF3/A0A8V8TLI6_monomer/seed-1_sample-3/A0A8V8TLI6_monomer_seed-1_sample-3_model.cif;/data/sbi/interchange/boliva/patricia/AF3/A0A8V8TLI6_monomer/seed-1_sample-4/A0A8V8TLI6_monomer_seed-1_sample-4_model.cif	YES	YES	YES	YES	NO	/data/sbi/interchange/boliva/patricia/AF3/A0A8V8TLI6/A0A8V8TLI6_model.cif	1	0	0	0	AF3_RETURN_EMPTY_INTERFACE	Preferred complete empty-interface model by ranking score and selected-model status. Model results: FAIL_EMPTY_PROTEIN_DNA_INTERFACE=18.
A0A8V8TM03	YES	A0A8V8TM03|gene=ZBTB18|primary=Identical_PWM|family=BTB|no_active_pdb_model Zinc finger and BTB domain containing 18	139	YES	6	/data/sbi/interchange/boliva/patricia/AF3/A0A8V8TM03/A0A8V8TM03_model.cif;/data/sbi/interchange/boliva/patricia/AF3/A0A8V8TM03/seed-1_sample-0/A0A8V8TM03_seed-1_sample-0_model.cif;/data/sbi/interchange/boliva/patricia/AF3/A0A8V8TM03/seed-1_sample-1/A0A8V8TM03_seed-1_sample-1_model.cif;/data/sbi/interchange/boliva/patricia/AF3/A0A8V8TM03/seed-1_sample-2/A0A8V8TM03_seed-1_sample-2_model.cif;/data/sbi/interchange/boliva/patricia/AF3/A0A8V8TM03/seed-1_sample-3/A0A8V8TM03_seed-1_sample-3_model.cif;/data/sbi/interchange/boliva/patricia/AF3/A0A8V8TM03/seed-1_sample-4/A0A8V8TM03_seed-1_sample-4_model.cif	YES	YES	YES	YES	NO	/data/sbi/interchange/boliva/patricia/AF3/A0A8V8TM03/A0A8V8TM03_model.cif	1	0	0	0	AF3_RETURN_EMPTY_INTERFACE	Preferred complete empty-interface model by ranking score and selected-model status. Model results: FAIL_EMPTY_PROTEIN_DNA_INTERFACE=6.
A0A994J4I4	YES	A0A994J4I4|gene=SOX5|primary=Identical_PWM|family=|no_active_pdb_model SRY-box transcription factor 5	229	YES	6	/data/sbi/interchange/boliva/patricia/AF3/A0A994J4I4/A0A994J4I4_model.cif;/data/sbi/interchange/boliva/patricia/AF3/A0A994J4I4/seed-1_sample-0/A0A994J4I4_seed-1_sample-0_model.cif;/data/sbi/interchange/boliva/patricia/AF3/A0A994J4I4/seed-1_sample-1/A0A994J4I4_seed-1_sample-1_model.cif;/data/sbi/interchange/boliva/patricia/AF3/A0A994J4I4/seed-1_sample-2/A0A994J4I4_seed-1_sample-2_model.cif;/data/sbi/interchange/boliva/patricia/AF3/A0A994J4I4/seed-1_sample-3/A0A994J4I4_seed-1_sample-3_model.cif;/data/sbi/interchange/boliva/patricia/AF3/A0A994J4I4/seed-1_sample-4/A0A994J4I4_seed-1_sample-4_model.cif	YES	YES	YES	YES	NO	/data/sbi/interchange/boliva/patricia/AF3/A0A994J4I4/A0A994J4I4_model.cif	1	0	0	0	AF3_RETURN_EMPTY_INTERFACE	Preferred complete empty-interface model by ranking score and selected-model status. Model results: FAIL_EMPTY_PROTEIN_DNA_INTERFACE=6.
A0A994J7B2	YES	A0A994J7B2|gene=TCF3|primary=Identical_PWM|family=|no_active_pdb_model Transcription factor 3	132	YES	6	/data/sbi/interchange/boliva/patricia/AF3/A0A994J7B2/A0A994J7B2_model.cif;/data/sbi/interchange/boliva/patricia/AF3/A0A994J7B2/seed-1_sample-0/A0A994J7B2_seed-1_sample-0_model.cif;/data/sbi/interchange/boliva/patricia/AF3/A0A994J7B2/seed-1_sample-1/A0A994J7B2_seed-1_sample-1_model.cif;/data/sbi/interchange/boliva/patricia/AF3/A0A994J7B2/seed-1_sample-2/A0A994J7B2_seed-1_sample-2_model.cif;/data/sbi/interchange/boliva/patricia/AF3/A0A994J7B2/seed-1_sample-3/A0A994J7B2_seed-1_sample-3_model.cif;/data/sbi/interchange/boliva/patricia/AF3/A0A994J7B2/seed-1_sample-4/A0A994J7B2_seed-1_sample-4_model.cif	YES	YES	YES	YES	NO	/data/sbi/interchange/boliva/patricia/AF3/A0A994J7B2/A0A994J7B2_model.cif	1	0	0	0	AF3_RETURN_EMPTY_INTERFACE	Preferred complete empty-interface model by ranking score and selected-model status. Model results: FAIL_EMPTY_PROTEIN_DNA_INTERFACE=6.
A2AB93	YES	A2AB93|gene=ZBTB22|primary=Identical_PWM|family=HOK_GEF,BTB|no_active_pdb_model Zinc finger and BTB domain containing 22	149	YES	6	/data/sbi/interchange/boliva/patricia/AF3/A2AB93/A2AB93_model.cif;/data/sbi/interchange/boliva/patricia/AF3/A2AB93/seed-1_sample-0/A2AB93_seed-1_sample-0_model.cif;/data/sbi/interchange/boliva/patricia/AF3/A2AB93/seed-1_sample-1/A2AB93_seed-1_sample-1_model.cif;/data/sbi/interchange/boliva/patricia/AF3/A2AB93/seed-1_sample-2/A2AB93_seed-1_sample-2_model.cif;/data/sbi/interchange/boliva/patricia/AF3/A2AB93/seed-1_sample-3/A2AB93_seed-1_sample-3_model.cif;/data/sbi/interchange/boliva/patricia/AF3/A2AB93/seed-1_sample-4/A2AB93_seed-1_sample-4_model.cif	YES	YES	YES	YES	NO	/data/sbi/interchange/boliva/patricia/AF3/A2AB93/A2AB93_model.cif	1	0	0	0	AF3_RETURN_EMPTY_INTERFACE	Preferred complete empty-interface model by ranking score and selected-model status. Model results: FAIL_EMPTY_PROTEIN_DNA_INTERFACE=6.
A2RRN1	YES	A2RRN1|gene=CREB3L2|primary=Homologous_PWM|family=|no_active_pdb_model CREB3L2 protein	174	YES	6	/data/sbi/interchange/boliva/patricia/AF3/A2RRN1/A2RRN1_model.cif;/data/sbi/interchange/boliva/patricia/AF3/A2RRN1/seed-1_sample-0/A2RRN1_seed-1_sample-0_model.cif;/data/sbi/interchange/boliva/patricia/AF3/A2RRN1/seed-1_sample-1/A2RRN1_seed-1_sample-1_model.cif;/data/sbi/interchange/boliva/patricia/AF3/A2RRN1/seed-1_sample-2/A2RRN1_seed-1_sample-2_model.cif;/data/sbi/interchange/boliva/patricia/AF3/A2RRN1/seed-1_sample-3/A2RRN1_seed-1_sample-3_model.cif;/data/sbi/interchange/boliva/patricia/AF3/A2RRN1/seed-1_sample-4/A2RRN1_seed-1_sample-4_model.cif	YES	YES	YES	YES	NO	/data/sbi/interchange/boliva/patricia/AF3/A2RRN1/A2RRN1_model.cif	1	0	0	0	AF3_RETURN_EMPTY_INTERFACE	Preferred complete empty-interface model by ranking score and selected-model status. Model results: FAIL_EMPTY_PROTEIN_DNA_INTERFACE=6.
A8K549	YES	A8K549|gene=|primary=Identical_PWM|family=|no_active_pdb_model cDNA FLJ78348	248	YES	6	/data/sbi/interchange/boliva/patricia/AF3/A8K549/A8K549_model.cif;/data/sbi/interchange/boliva/patricia/AF3/A8K549/seed-1_sample-0/A8K549_seed-1_sample-0_model.cif;/data/sbi/interchange/boliva/patricia/AF3/A8K549/seed-1_sample-1/A8K549_seed-1_sample-1_model.cif;/data/sbi/interchange/boliva/patricia/AF3/A8K549/seed-1_sample-2/A8K549_seed-1_sample-2_model.cif;/data/sbi/interchange/boliva/patricia/AF3/A8K549/seed-1_sample-3/A8K549_seed-1_sample-3_model.cif;/data/sbi/interchange/boliva/patricia/AF3/A8K549/seed-1_sample-4/A8K549_seed-1_sample-4_model.cif	YES	YES	YES	YES	NO	/data/sbi/interchange/boliva/patricia/AF3/A8K549/A8K549_model.cif	1	0	0	0	AF3_RETURN_EMPTY_INTERFACE	Preferred complete empty-interface model by ranking score and selected-model status. Model results: FAIL_EMPTY_PROTEIN_DNA_INTERFACE=6.
A8MTU8	YES	A8MTU8|gene=|primary=Homologous_PWM|family=|no_active_pdb_model cDNA FLJ38006 fis, clone CTONG2012422, highly similar to Sterol regulatory element-binding protein 1	766	YES	6	/data/sbi/interchange/boliva/patricia/AF3/A8MTU8/A8MTU8_model.cif;/data/sbi/interchange/boliva/patricia/AF3/A8MTU8/seed-1_sample-0/A8MTU8_seed-1_sample-0_model.cif;/data/sbi/interchange/boliva/patricia/AF3/A8MTU8/seed-1_sample-1/A8MTU8_seed-1_sample-1_model.cif;/data/sbi/interchange/boliva/patricia/AF3/A8MTU8/seed-1_sample-2/A8MTU8_seed-1_sample-2_model.cif;/data/sbi/interchange/boliva/patricia/AF3/A8MTU8/seed-1_sample-3/A8MTU8_seed-1_sample-3_model.cif;/data/sbi/interchange/boliva/patricia/AF3/A8MTU8/seed-1_sample-4/A8MTU8_seed-1_sample-4_model.cif	YES	YES	YES	YES	NO	/data/sbi/interchange/boliva/patricia/AF3/A8MTU8/A8MTU8_model.cif	1	0	0	0	AF3_RETURN_EMPTY_INTERFACE	Preferred complete empty-interface model by ranking score and selected-model status. Model results: FAIL_EMPTY_PROTEIN_DNA_INTERFACE=6.
B1AKB1	YES	B1AKB1|gene=TFEB|primary=Identical_PWM|family=DUF605,Suf,MAS20|no_active_pdb_model Transcription factor EB	222	YES	6	/data/sbi/interchange/boliva/patricia/AF3/B1AKB1/B1AKB1_model.cif;/data/sbi/interchange/boliva/patricia/AF3/B1AKB1/seed-1_sample-0/B1AKB1_seed-1_sample-0_model.cif;/data/sbi/interchange/boliva/patricia/AF3/B1AKB1/seed-1_sample-1/B1AKB1_seed-1_sample-1_model.cif;/data/sbi/interchange/boliva/patricia/AF3/B1AKB1/seed-1_sample-2/B1AKB1_seed-1_sample-2_model.cif;/data/sbi/interchange/boliva/patricia/AF3/B1AKB1/seed-1_sample-3/B1AKB1_seed-1_sample-3_model.cif;/data/sbi/interchange/boliva/patricia/AF3/B1AKB1/seed-1_sample-4/B1AKB1_seed-1_sample-4_model.cif	YES	YES	YES	YES	NO	/data/sbi/interchange/boliva/patricia/AF3/B1AKB1/B1AKB1_model.cif	1	0	0	0	AF3_RETURN_EMPTY_INTERFACE	Preferred complete empty-interface model by ranking score and selected-model status. Model results: FAIL_EMPTY_PROTEIN_DNA_INTERFACE=6.
B1NY96	YES	B1NY96|gene=TCF3-ZNF384,fusion|primary=Identical_PWM|family=|no_active_pdb_model E2A-NMP4 fusion protein	197	YES	6	/data/sbi/interchange/boliva/patricia/AF3/B1NY96/B1NY96_model.cif;/data/sbi/interchange/boliva/patricia/AF3/B1NY96/seed-1_sample-0/B1NY96_seed-1_sample-0_model.cif;/data/sbi/interchange/boliva/patricia/AF3/B1NY96/seed-1_sample-1/B1NY96_seed-1_sample-1_model.cif;/data/sbi/interchange/boliva/patricia/AF3/B1NY96/seed-1_sample-2/B1NY96_seed-1_sample-2_model.cif;/data/sbi/interchange/boliva/patricia/AF3/B1NY96/seed-1_sample-3/B1NY96_seed-1_sample-3_model.cif;/data/sbi/interchange/boliva/patricia/AF3/B1NY96/seed-1_sample-4/B1NY96_seed-1_sample-4_model.cif	YES	YES	YES	YES	NO	/data/sbi/interchange/boliva/patricia/AF3/B1NY96/B1NY96_model.cif	1	0	0	0	AF3_RETURN_EMPTY_INTERFACE	Preferred complete empty-interface model by ranking score and selected-model status. Model results: FAIL_EMPTY_PROTEIN_DNA_INTERFACE=6.
B3KU95	YES	B3KU95|gene=|primary=Identical_PWM|family=|no_active_pdb_model cDNA FLJ39423 fis, clone PROST1000322, highly similar to HOMEOBOX PROTEIN HOX-A2	248	YES	6	/data/sbi/interchange/boliva/patricia/AF3/B3KU95/B3KU95_model.cif;/data/sbi/interchange/boliva/patricia/AF3/B3KU95/seed-1_sample-0/B3KU95_seed-1_sample-0_model.cif;/data/sbi/interchange/boliva/patricia/AF3/B3KU95/seed-1_sample-1/B3KU95_seed-1_sample-1_model.cif;/data/sbi/interchange/boliva/patricia/AF3/B3KU95/seed-1_sample-2/B3KU95_seed-1_sample-2_model.cif;/data/sbi/interchange/boliva/patricia/AF3/B3KU95/seed-1_sample-3/B3KU95_seed-1_sample-3_model.cif;/data/sbi/interchange/boliva/patricia/AF3/B3KU95/seed-1_sample-4/B3KU95_seed-1_sample-4_model.cif	YES	YES	YES	YES	NO	/data/sbi/interchange/boliva/patricia/AF3/B3KU95/B3KU95_model.cif	1	0	0	0	AF3_RETURN_EMPTY_INTERFACE	Preferred complete empty-interface model by ranking score and selected-model status. Model results: FAIL_EMPTY_PROTEIN_DNA_INTERFACE=6.
B4DHE0	YES	B4DHE0|gene=|primary=Homologous_PWM|family=STAT_alpha,STAT_int,CorA|no_active_pdb_model cDNA FLJ56695, highly similar to Signal transducer and activator of transcription 2 (cDNA, FLJ79415, highly similar to Signal transducer and activator of transcription 2)	203	YES	18	/data/sbi/interchange/boliva/patricia/AF3/B4DHE0/B4DHE0_model.cif;/data/sbi/interchange/boliva/patricia/AF3/B4DHE0/seed-1_sample-0/B4DHE0_seed-1_sample-0_model.cif;/data/sbi/interchange/boliva/patricia/AF3/B4DHE0/seed-1_sample-1/B4DHE0_seed-1_sample-1_model.cif;/data/sbi/interchange/boliva/patricia/AF3/B4DHE0/seed-1_sample-2/B4DHE0_seed-1_sample-2_model.cif;/data/sbi/interchange/boliva/patricia/AF3/B4DHE0/seed-1_sample-3/B4DHE0_seed-1_sample-3_model.cif;/data/sbi/interchange/boliva/patricia/AF3/B4DHE0/seed-1_sample-4/B4DHE0_seed-1_sample-4_model.cif;/data/sbi/interchange/boliva/patricia/AF3/B4DHE0_dimer/B4DHE0_dimer_model.cif;/data/sbi/interchange/boliva/patricia/AF3/B4DHE0_dimer/seed-1_sample-0/B4DHE0_dimer_seed-1_sample-0_model.cif;/data/sbi/interchange/boliva/patricia/AF3/B4DHE0_dimer/seed-1_sample-1/B4DHE0_dimer_seed-1_sample-1_model.cif;/data/sbi/interchange/boliva/patricia/AF3/B4DHE0_dimer/seed-1_sample-2/B4DHE0_dimer_seed-1_sample-2_model.cif;/data/sbi/interchange/boliva/patricia/AF3/B4DHE0_dimer/seed-1_sample-3/B4DHE0_dimer_seed-1_sample-3_model.cif;/data/sbi/interchange/boliva/patricia/AF3/B4DHE0_dimer/seed-1_sample-4/B4DHE0_dimer_seed-1_sample-4_model.cif;/data/sbi/interchange/boliva/patricia/AF3/B4DHE0_monomer/B4DHE0_monomer_model.cif;/data/sbi/interchange/boliva/patricia/AF3/B4DHE0_monomer/seed-1_sample-0/B4DHE0_monomer_seed-1_sample-0_model.cif;/data/sbi/interchange/boliva/patricia/AF3/B4DHE0_monomer/seed-1_sample-1/B4DHE0_monomer_seed-1_sample-1_model.cif;/data/sbi/interchange/boliva/patricia/AF3/B4DHE0_monomer/seed-1_sample-2/B4DHE0_monomer_seed-1_sample-2_model.cif;/data/sbi/interchange/boliva/patricia/AF3/B4DHE0_monomer/seed-1_sample-3/B4DHE0_monomer_seed-1_sample-3_model.cif;/data/sbi/interchange/boliva/patricia/AF3/B4DHE0_monomer/seed-1_sample-4/B4DHE0_monomer_seed-1_sample-4_model.cif	YES	YES	YES	YES	NO	/data/sbi/interchange/boliva/patricia/AF3/B4DHE0_dimer/B4DHE0_dimer_model.cif	1	0	0	0	AF3_RETURN_EMPTY_INTERFACE	Preferred complete empty-interface model by ranking score and selected-model status. Model results: FAIL_EMPTY_PROTEIN_DNA_INTERFACE=18.
B4DL38	YES	B4DL38|gene=|primary=Homologous_PWM|family=DUF3446|no_active_pdb_model cDNA FLJ54816, highly similar to Early growth response protein 2	261	YES	6	/data/sbi/interchange/boliva/patricia/AF3/B4DL38/B4DL38_model.cif;/data/sbi/interchange/boliva/patricia/AF3/B4DL38/seed-1_sample-0/B4DL38_seed-1_sample-0_model.cif;/data/sbi/interchange/boliva/patricia/AF3/B4DL38/seed-1_sample-1/B4DL38_seed-1_sample-1_model.cif;/data/sbi/interchange/boliva/patricia/AF3/B4DL38/seed-1_sample-2/B4DL38_seed-1_sample-2_model.cif;/data/sbi/interchange/boliva/patricia/AF3/B4DL38/seed-1_sample-3/B4DL38_seed-1_sample-3_model.cif;/data/sbi/interchange/boliva/patricia/AF3/B4DL38/seed-1_sample-4/B4DL38_seed-1_sample-4_model.cif	YES	YES	YES	YES	NO	/data/sbi/interchange/boliva/patricia/AF3/B4DL38/B4DL38_model.cif	1	0	0	0	AF3_RETURN_EMPTY_INTERFACE	Preferred complete empty-interface model by ranking score and selected-model status. Model results: FAIL_EMPTY_PROTEIN_DNA_INTERFACE=6.
B4DNX4	YES	B4DNX4|gene=|primary=Identical_PWM|family=DUF3432|no_active_pdb_model cDNA FLJ56577, highly similar to Early growth response protein 1	200	YES	6	/data/sbi/interchange/boliva/patricia/AF3/B4DNX4/B4DNX4_model.cif;/data/sbi/interchange/boliva/patricia/AF3/B4DNX4/seed-1_sample-0/B4DNX4_seed-1_sample-0_model.cif;/data/sbi/interchange/boliva/patricia/AF3/B4DNX4/seed-1_sample-1/B4DNX4_seed-1_sample-1_model.cif;/data/sbi/interchange/boliva/patricia/AF3/B4DNX4/seed-1_sample-2/B4DNX4_seed-1_sample-2_model.cif;/data/sbi/interchange/boliva/patricia/AF3/B4DNX4/seed-1_sample-3/B4DNX4_seed-1_sample-3_model.cif;/data/sbi/interchange/boliva/patricia/AF3/B4DNX4/seed-1_sample-4/B4DNX4_seed-1_sample-4_model.cif	YES	YES	YES	YES	NO	/data/sbi/interchange/boliva/patricia/AF3/B4DNX4/B4DNX4_model.cif	1	0	0	0	AF3_RETURN_EMPTY_INTERFACE	Preferred complete empty-interface model by ranking score and selected-model status. Model results: FAIL_EMPTY_PROTEIN_DNA_INTERFACE=6.
B4DTN3	YES	B4DTN3|gene=|primary=Homologous_PWM|family=FAST_1,DARPP-32|no_active_pdb_model cDNA FLJ58424, highly similar to MBD2-interacting zinc finger protein	143	YES	6	/data/sbi/interchange/boliva/patricia/AF3/B4DTN3/B4DTN3_model.cif;/data/sbi/interchange/boliva/patricia/AF3/B4DTN3/seed-1_sample-0/B4DTN3_seed-1_sample-0_model.cif;/data/sbi/interchange/boliva/patricia/AF3/B4DTN3/seed-1_sample-1/B4DTN3_seed-1_sample-1_model.cif;/data/sbi/interchange/boliva/patricia/AF3/B4DTN3/seed-1_sample-2/B4DTN3_seed-1_sample-2_model.cif;/data/sbi/interchange/boliva/patricia/AF3/B4DTN3/seed-1_sample-3/B4DTN3_seed-1_sample-3_model.cif;/data/sbi/interchange/boliva/patricia/AF3/B4DTN3/seed-1_sample-4/B4DTN3_seed-1_sample-4_model.cif	YES	YES	YES	YES	NO	/data/sbi/interchange/boliva/patricia/AF3/B4DTN3/B4DTN3_model.cif	1	0	0	0	AF3_RETURN_EMPTY_INTERFACE	Preferred complete empty-interface model by ranking score and selected-model status. Model results: FAIL_EMPTY_PROTEIN_DNA_INTERFACE=6.
B4DVG0	YES	B4DVG0|gene=|primary=Homologous_PWM|family=DUF3446|no_active_pdb_model cDNA FLJ60905, highly similar to Early growth response protein 1	232	YES	6	/data/sbi/interchange/boliva/patricia/AF3/B4DVG0/B4DVG0_model.cif;/data/sbi/interchange/boliva/patricia/AF3/B4DVG0/seed-1_sample-0/B4DVG0_seed-1_sample-0_model.cif;/data/sbi/interchange/boliva/patricia/AF3/B4DVG0/seed-1_sample-1/B4DVG0_seed-1_sample-1_model.cif;/data/sbi/interchange/boliva/patricia/AF3/B4DVG0/seed-1_sample-2/B4DVG0_seed-1_sample-2_model.cif;/data/sbi/interchange/boliva/patricia/AF3/B4DVG0/seed-1_sample-3/B4DVG0_seed-1_sample-3_model.cif;/data/sbi/interchange/boliva/patricia/AF3/B4DVG0/seed-1_sample-4/B4DVG0_seed-1_sample-4_model.cif	YES	YES	YES	YES	NO	/data/sbi/interchange/boliva/patricia/AF3/B4DVG0/B4DVG0_model.cif	1	0	0	0	AF3_RETURN_EMPTY_INTERFACE	Preferred complete empty-interface model by ranking score and selected-model status. Model results: FAIL_EMPTY_PROTEIN_DNA_INTERFACE=6.
B4DW78	YES	B4DW78|gene=|primary=Identical_PWM|family=SAM_PNT,GluR_Homer-bdg|no_active_pdb_model cDNA FLJ59231, highly similar to C-ets-1 protein	300	YES	6	/data/sbi/interchange/boliva/patricia/AF3/B4DW78/B4DW78_model.cif;/data/sbi/interchange/boliva/patricia/AF3/B4DW78/seed-1_sample-0/B4DW78_seed-1_sample-0_model.cif;/data/sbi/interchange/boliva/patricia/AF3/B4DW78/seed-1_sample-1/B4DW78_seed-1_sample-1_model.cif;/data/sbi/interchange/boliva/patricia/AF3/B4DW78/seed-1_sample-2/B4DW78_seed-1_sample-2_model.cif;/data/sbi/interchange/boliva/patricia/AF3/B4DW78/seed-1_sample-3/B4DW78_seed-1_sample-3_model.cif;/data/sbi/interchange/boliva/patricia/AF3/B4DW78/seed-1_sample-4/B4DW78_seed-1_sample-4_model.cif	YES	YES	YES	YES	NO	/data/sbi/interchange/boliva/patricia/AF3/B4DW78/B4DW78_model.cif	1	0	0	0	AF3_RETURN_EMPTY_INTERFACE	Preferred complete empty-interface model by ranking score and selected-model status. Model results: FAIL_EMPTY_PROTEIN_DNA_INTERFACE=6.
B4E1B1	YES	B4E1B1|gene=IRF7,hCG_18132|primary=Identical_PWM|family=IRF-3|no_active_pdb_model Interferon regulatory factor 7, isoform CRA_c (cDNA FLJ61529, highly similar to Interferon regulatory factor 7)	210	YES	6	/data/sbi/interchange/boliva/patricia/AF3/B4E1B1/B4E1B1_model.cif;/data/sbi/interchange/boliva/patricia/AF3/B4E1B1/seed-1_sample-0/B4E1B1_seed-1_sample-0_model.cif;/data/sbi/interchange/boliva/patricia/AF3/B4E1B1/seed-1_sample-1/B4E1B1_seed-1_sample-1_model.cif;/data/sbi/interchange/boliva/patricia/AF3/B4E1B1/seed-1_sample-2/B4E1B1_seed-1_sample-2_model.cif;/data/sbi/interchange/boliva/patricia/AF3/B4E1B1/seed-1_sample-3/B4E1B1_seed-1_sample-3_model.cif;/data/sbi/interchange/boliva/patricia/AF3/B4E1B1/seed-1_sample-4/B4E1B1_seed-1_sample-4_model.cif	YES	YES	YES	YES	NO	/data/sbi/interchange/boliva/patricia/AF3/B4E1B1/B4E1B1_model.cif	1	0	0	0	AF3_RETURN_EMPTY_INTERFACE	Preferred complete empty-interface model by ranking score and selected-model status. Model results: FAIL_EMPTY_PROTEIN_DNA_INTERFACE=6.
B4E2G3	YES	B4E2G3|gene=|primary=Homologous_PWM|family=|no_active_pdb_model cDNA FLJ58974, highly similar to Homo sapiens cAMP responsive element binding protein 3-like 4 (CREB3L4), mRNA	202	YES	6	/data/sbi/interchange/boliva/patricia/AF3/B4E2G3/B4E2G3_model.cif;/data/sbi/interchange/boliva/patricia/AF3/B4E2G3/seed-1_sample-0/B4E2G3_seed-1_sample-0_model.cif;/data/sbi/interchange/boliva/patricia/AF3/B4E2G3/seed-1_sample-1/B4E2G3_seed-1_sample-1_model.cif;/data/sbi/interchange/boliva/patricia/AF3/B4E2G3/seed-1_sample-2/B4E2G3_seed-1_sample-2_model.cif;/data/sbi/interchange/boliva/patricia/AF3/B4E2G3/seed-1_sample-3/B4E2G3_seed-1_sample-3_model.cif;/data/sbi/interchange/boliva/patricia/AF3/B4E2G3/seed-1_sample-4/B4E2G3_seed-1_sample-4_model.cif	YES	YES	YES	YES	NO	/data/sbi/interchange/boliva/patricia/AF3/B4E2G3/B4E2G3_model.cif	1	0	0	0	AF3_RETURN_EMPTY_INTERFACE	Preferred complete empty-interface model by ranking score and selected-model status. Model results: FAIL_EMPTY_PROTEIN_DNA_INTERFACE=6.
B4E2U7	YES	B4E2U7|gene=|primary=Identical_PWM|family=HIF-1,HIF-1a_CTAD,PAS,PAS_3,PAS_9,Dicty_REP|no_active_pdb_model Hypoxia-inducible factor 1-alpha	577	YES	6	/data/sbi/interchange/boliva/patricia/AF3/B4E2U7/B4E2U7_model.cif;/data/sbi/interchange/boliva/patricia/AF3/B4E2U7/seed-1_sample-0/B4E2U7_seed-1_sample-0_model.cif;/data/sbi/interchange/boliva/patricia/AF3/B4E2U7/seed-1_sample-1/B4E2U7_seed-1_sample-1_model.cif;/data/sbi/interchange/boliva/patricia/AF3/B4E2U7/seed-1_sample-2/B4E2U7_seed-1_sample-2_model.cif;/data/sbi/interchange/boliva/patricia/AF3/B4E2U7/seed-1_sample-3/B4E2U7_seed-1_sample-3_model.cif;/data/sbi/interchange/boliva/patricia/AF3/B4E2U7/seed-1_sample-4/B4E2U7_seed-1_sample-4_model.cif	YES	YES	YES	YES	NO	/data/sbi/interchange/boliva/patricia/AF3/B4E2U7/B4E2U7_model.cif	1	0	0	0	AF3_RETURN_EMPTY_INTERFACE	Preferred complete empty-interface model by ranking score and selected-model status. Model results: FAIL_EMPTY_PROTEIN_DNA_INTERFACE=6.
B4E374	YES	B4E374|gene=|primary=Homologous_PWM|family=Hormone_recep|no_active_pdb_model cDNA FLJ51617, highly similar to Estrogen receptor	170	YES	6	/data/sbi/interchange/boliva/patricia/AF3/B4E374/B4E374_model.cif;/data/sbi/interchange/boliva/patricia/AF3/B4E374/seed-1_sample-0/B4E374_seed-1_sample-0_model.cif;/data/sbi/interchange/boliva/patricia/AF3/B4E374/seed-1_sample-1/B4E374_seed-1_sample-1_model.cif;/data/sbi/interchange/boliva/patricia/AF3/B4E374/seed-1_sample-2/B4E374_seed-1_sample-2_model.cif;/data/sbi/interchange/boliva/patricia/AF3/B4E374/seed-1_sample-3/B4E374_seed-1_sample-3_model.cif;/data/sbi/interchange/boliva/patricia/AF3/B4E374/seed-1_sample-4/B4E374_seed-1_sample-4_model.cif	YES	YES	YES	YES	NO	/data/sbi/interchange/boliva/patricia/AF3/B4E374/B4E374_model.cif	1	0	0	0	AF3_RETURN_EMPTY_INTERFACE	Preferred complete empty-interface model by ranking score and selected-model status. Model results: FAIL_EMPTY_PROTEIN_DNA_INTERFACE=6.
B5MCD3	YES	B5MCD3|gene=HOXD12|primary=Homologous_PWM|family=|no_active_pdb_model Homeobox D12	246	YES	6	/data/sbi/interchange/boliva/patricia/AF3/B5MCD3/B5MCD3_model.cif;/data/sbi/interchange/boliva/patricia/AF3/B5MCD3/seed-1_sample-0/B5MCD3_seed-1_sample-0_model.cif;/data/sbi/interchange/boliva/patricia/AF3/B5MCD3/seed-1_sample-1/B5MCD3_seed-1_sample-1_model.cif;/data/sbi/interchange/boliva/patricia/AF3/B5MCD3/seed-1_sample-2/B5MCD3_seed-1_sample-2_model.cif;/data/sbi/interchange/boliva/patricia/AF3/B5MCD3/seed-1_sample-3/B5MCD3_seed-1_sample-3_model.cif;/data/sbi/interchange/boliva/patricia/AF3/B5MCD3/seed-1_sample-4/B5MCD3_seed-1_sample-4_model.cif	YES	YES	YES	YES	NO	/data/sbi/interchange/boliva/patricia/AF3/B5MCD3/B5MCD3_model.cif	1	0	0	0	AF3_RETURN_EMPTY_INTERFACE	Preferred complete empty-interface model by ranking score and selected-model status. Model results: FAIL_EMPTY_PROTEIN_DNA_INTERFACE=6.
B7Z5Z3	YES	B7Z5Z3|gene=|primary=Homologous_PWM|family=OmpH,IncA,LOH1CR12|no_active_pdb_model cDNA FLJ55780, highly similar to Transcription factor SOX-5	509	YES	6	/data/sbi/interchange/boliva/patricia/AF3/B7Z5Z3/B7Z5Z3_model.cif;/data/sbi/interchange/boliva/patricia/AF3/B7Z5Z3/seed-1_sample-0/B7Z5Z3_seed-1_sample-0_model.cif;/data/sbi/interchange/boliva/patricia/AF3/B7Z5Z3/seed-1_sample-1/B7Z5Z3_seed-1_sample-1_model.cif;/data/sbi/interchange/boliva/patricia/AF3/B7Z5Z3/seed-1_sample-2/B7Z5Z3_seed-1_sample-2_model.cif;/data/sbi/interchange/boliva/patricia/AF3/B7Z5Z3/seed-1_sample-3/B7Z5Z3_seed-1_sample-3_model.cif;/data/sbi/interchange/boliva/patricia/AF3/B7Z5Z3/seed-1_sample-4/B7Z5Z3_seed-1_sample-4_model.cif	YES	YES	YES	YES	NO	/data/sbi/interchange/boliva/patricia/AF3/B7Z5Z3/B7Z5Z3_model.cif	1	0	0	0	AF3_RETURN_EMPTY_INTERFACE	Preferred complete empty-interface model by ranking score and selected-model status. Model results: FAIL_EMPTY_PROTEIN_DNA_INTERFACE=6.
B7Z8F5	YES	B7Z8F5|gene=|primary=Homologous_PWM|family=RFX1_trans_act|no_active_pdb_model cDNA FLJ53376, highly similar to DNA-binding protein RFX2	510	YES	6	/data/sbi/interchange/boliva/patricia/AF3/B7Z8F5/B7Z8F5_model.cif;/data/sbi/interchange/boliva/patricia/AF3/B7Z8F5/seed-1_sample-0/B7Z8F5_seed-1_sample-0_model.cif;/data/sbi/interchange/boliva/patricia/AF3/B7Z8F5/seed-1_sample-1/B7Z8F5_seed-1_sample-1_model.cif;/data/sbi/interchange/boliva/patricia/AF3/B7Z8F5/seed-1_sample-2/B7Z8F5_seed-1_sample-2_model.cif;/data/sbi/interchange/boliva/patricia/AF3/B7Z8F5/seed-1_sample-3/B7Z8F5_seed-1_sample-3_model.cif;/data/sbi/interchange/boliva/patricia/AF3/B7Z8F5/seed-1_sample-4/B7Z8F5_seed-1_sample-4_model.cif	YES	YES	YES	YES	NO	/data/sbi/interchange/boliva/patricia/AF3/B7Z8F5/B7Z8F5_model.cif	1	0	0	0	AF3_RETURN_EMPTY_INTERFACE	Preferred complete empty-interface model by ranking score and selected-model status. Model results: FAIL_EMPTY_PROTEIN_DNA_INTERFACE=6.
C9J5U3	YES	C9J5U3|gene=HBP1|primary=Homologous_PWM|family=|no_active_pdb_model HMG-box transcription factor 1	111	YES	6	/data/sbi/interchange/boliva/patricia/AF3/C9J5U3/C9J5U3_model.cif;/data/sbi/interchange/boliva/patricia/AF3/C9J5U3/seed-1_sample-0/C9J5U3_seed-1_sample-0_model.cif;/data/sbi/interchange/boliva/patricia/AF3/C9J5U3/seed-1_sample-1/C9J5U3_seed-1_sample-1_model.cif;/data/sbi/interchange/boliva/patricia/AF3/C9J5U3/seed-1_sample-2/C9J5U3_seed-1_sample-2_model.cif;/data/sbi/interchange/boliva/patricia/AF3/C9J5U3/seed-1_sample-3/C9J5U3_seed-1_sample-3_model.cif;/data/sbi/interchange/boliva/patricia/AF3/C9J5U3/seed-1_sample-4/C9J5U3_seed-1_sample-4_model.cif	YES	YES	YES	YES	NO	/data/sbi/interchange/boliva/patricia/AF3/C9J5U3/C9J5U3_model.cif	1	0	0	0	AF3_RETURN_EMPTY_INTERFACE	Preferred complete empty-interface model by ranking score and selected-model status. Model results: FAIL_EMPTY_PROTEIN_DNA_INTERFACE=6.
C9J682	YES	C9J682|gene=ZFX|primary=Homologous_PWM|family=Zfx_Zfy_act,Adhes-Ig_like|no_active_pdb_model Zinc finger protein X-linked	135	YES	6	/data/sbi/interchange/boliva/patricia/AF3/C9J682/C9J682_model.cif;/data/sbi/interchange/boliva/patricia/AF3/C9J682/seed-1_sample-0/C9J682_seed-1_sample-0_model.cif;/data/sbi/interchange/boliva/patricia/AF3/C9J682/seed-1_sample-1/C9J682_seed-1_sample-1_model.cif;/data/sbi/interchange/boliva/patricia/AF3/C9J682/seed-1_sample-2/C9J682_seed-1_sample-2_model.cif;/data/sbi/interchange/boliva/patricia/AF3/C9J682/seed-1_sample-3/C9J682_seed-1_sample-3_model.cif;/data/sbi/interchange/boliva/patricia/AF3/C9J682/seed-1_sample-4/C9J682_seed-1_sample-4_model.cif	YES	YES	YES	YES	NO	/data/sbi/interchange/boliva/patricia/AF3/C9J682/C9J682_model.cif	1	0	0	0	AF3_RETURN_EMPTY_INTERFACE	Preferred complete empty-interface model by ranking score and selected-model status. Model results: FAIL_EMPTY_PROTEIN_DNA_INTERFACE=6.
C9J845	YES	C9J845|gene=MITF|primary=Homologous_PWM|family=Ribophorin_I|no_active_pdb_model Melanocyte inducing transcription factor	157	YES	6	/data/sbi/interchange/boliva/patricia/AF3/C9J845/C9J845_model.cif;/data/sbi/interchange/boliva/patricia/AF3/C9J845/seed-1_sample-0/C9J845_seed-1_sample-0_model.cif;/data/sbi/interchange/boliva/patricia/AF3/C9J845/seed-1_sample-1/C9J845_seed-1_sample-1_model.cif;/data/sbi/interchange/boliva/patricia/AF3/C9J845/seed-1_sample-2/C9J845_seed-1_sample-2_model.cif;/data/sbi/interchange/boliva/patricia/AF3/C9J845/seed-1_sample-3/C9J845_seed-1_sample-3_model.cif;/data/sbi/interchange/boliva/patricia/AF3/C9J845/seed-1_sample-4/C9J845_seed-1_sample-4_model.cif	YES	YES	YES	YES	NO	/data/sbi/interchange/boliva/patricia/AF3/C9J845/C9J845_model.cif	1	0	0	0	AF3_RETURN_EMPTY_INTERFACE	Preferred complete empty-interface model by ranking score and selected-model status. Model results: FAIL_EMPTY_PROTEIN_DNA_INTERFACE=6.
C9J8V6	YES	C9J8V6|gene=HBP1|primary=Homologous_PWM|family=|no_active_pdb_model HMG-box transcription factor 1	108	YES	6	/data/sbi/interchange/boliva/patricia/AF3/C9J8V6/C9J8V6_model.cif;/data/sbi/interchange/boliva/patricia/AF3/C9J8V6/seed-1_sample-0/C9J8V6_seed-1_sample-0_model.cif;/data/sbi/interchange/boliva/patricia/AF3/C9J8V6/seed-1_sample-1/C9J8V6_seed-1_sample-1_model.cif;/data/sbi/interchange/boliva/patricia/AF3/C9J8V6/seed-1_sample-2/C9J8V6_seed-1_sample-2_model.cif;/data/sbi/interchange/boliva/patricia/AF3/C9J8V6/seed-1_sample-3/C9J8V6_seed-1_sample-3_model.cif;/data/sbi/interchange/boliva/patricia/AF3/C9J8V6/seed-1_sample-4/C9J8V6_seed-1_sample-4_model.cif	YES	YES	YES	YES	NO	/data/sbi/interchange/boliva/patricia/AF3/C9J8V6/C9J8V6_model.cif	1	0	0	0	AF3_RETURN_EMPTY_INTERFACE	Preferred complete empty-interface model by ranking score and selected-model status. Model results: FAIL_EMPTY_PROTEIN_DNA_INTERFACE=6.
C9JAW1	YES	C9JAW1|gene=HBP1|primary=Homologous_PWM|family=|no_active_pdb_model HMG-box transcription factor 1	70	YES	6	/data/sbi/interchange/boliva/patricia/AF3/C9JAW1/C9JAW1_model.cif;/data/sbi/interchange/boliva/patricia/AF3/C9JAW1/seed-1_sample-0/C9JAW1_seed-1_sample-0_model.cif;/data/sbi/interchange/boliva/patricia/AF3/C9JAW1/seed-1_sample-1/C9JAW1_seed-1_sample-1_model.cif;/data/sbi/interchange/boliva/patricia/AF3/C9JAW1/seed-1_sample-2/C9JAW1_seed-1_sample-2_model.cif;/data/sbi/interchange/boliva/patricia/AF3/C9JAW1/seed-1_sample-3/C9JAW1_seed-1_sample-3_model.cif;/data/sbi/interchange/boliva/patricia/AF3/C9JAW1/seed-1_sample-4/C9JAW1_seed-1_sample-4_model.cif	YES	YES	YES	YES	NO	/data/sbi/interchange/boliva/patricia/AF3/C9JAW1/C9JAW1_model.cif	1	0	0	0	AF3_RETURN_EMPTY_INTERFACE	Preferred complete empty-interface model by ranking score and selected-model status. Model results: FAIL_EMPTY_PROTEIN_DNA_INTERFACE=6.
C9JPH0	YES	C9JPH0|gene=CREB3L2|primary=Homologous_PWM|family=|no_active_pdb_model cAMP responsive element binding protein 3 like 2	185	YES	6	/data/sbi/interchange/boliva/patricia/AF3/C9JPH0/C9JPH0_model.cif;/data/sbi/interchange/boliva/patricia/AF3/C9JPH0/seed-1_sample-0/C9JPH0_seed-1_sample-0_model.cif;/data/sbi/interchange/boliva/patricia/AF3/C9JPH0/seed-1_sample-1/C9JPH0_seed-1_sample-1_model.cif;/data/sbi/interchange/boliva/patricia/AF3/C9JPH0/seed-1_sample-2/C9JPH0_seed-1_sample-2_model.cif;/data/sbi/interchange/boliva/patricia/AF3/C9JPH0/seed-1_sample-3/C9JPH0_seed-1_sample-3_model.cif;/data/sbi/interchange/boliva/patricia/AF3/C9JPH0/seed-1_sample-4/C9JPH0_seed-1_sample-4_model.cif	YES	YES	YES	YES	NO	/data/sbi/interchange/boliva/patricia/AF3/C9JPH0/C9JPH0_model.cif	1	0	0	0	AF3_RETURN_EMPTY_INTERFACE	Preferred complete empty-interface model by ranking score and selected-model status. Model results: FAIL_EMPTY_PROTEIN_DNA_INTERFACE=6.
C9JQU7	YES	C9JQU7|gene=HBP1|primary=Homologous_PWM|family=|no_active_pdb_model HMG-box transcription factor 1	124	YES	6	/data/sbi/interchange/boliva/patricia/AF3/C9JQU7/C9JQU7_model.cif;/data/sbi/interchange/boliva/patricia/AF3/C9JQU7/seed-1_sample-0/C9JQU7_seed-1_sample-0_model.cif;/data/sbi/interchange/boliva/patricia/AF3/C9JQU7/seed-1_sample-1/C9JQU7_seed-1_sample-1_model.cif;/data/sbi/interchange/boliva/patricia/AF3/C9JQU7/seed-1_sample-2/C9JQU7_seed-1_sample-2_model.cif;/data/sbi/interchange/boliva/patricia/AF3/C9JQU7/seed-1_sample-3/C9JQU7_seed-1_sample-3_model.cif;/data/sbi/interchange/boliva/patricia/AF3/C9JQU7/seed-1_sample-4/C9JQU7_seed-1_sample-4_model.cif	YES	YES	YES	YES	NO	/data/sbi/interchange/boliva/patricia/AF3/C9JQU7/C9JQU7_model.cif	1	0	0	0	AF3_RETURN_EMPTY_INTERFACE	Preferred complete empty-interface model by ranking score and selected-model status. Model results: FAIL_EMPTY_PROTEIN_DNA_INTERFACE=6.
D1LUZ8	YES	D1LUZ8|gene=C20orf112/RUNX1,fusion|primary=Homologous_PWM|family=|no_active_pdb_model C20orf112/RUNX1 fusion protein	170	YES	6	/data/sbi/interchange/boliva/patricia/AF3/D1LUZ8/D1LUZ8_model.cif;/data/sbi/interchange/boliva/patricia/AF3/D1LUZ8/seed-1_sample-0/D1LUZ8_seed-1_sample-0_model.cif;/data/sbi/interchange/boliva/patricia/AF3/D1LUZ8/seed-1_sample-1/D1LUZ8_seed-1_sample-1_model.cif;/data/sbi/interchange/boliva/patricia/AF3/D1LUZ8/seed-1_sample-2/D1LUZ8_seed-1_sample-2_model.cif;/data/sbi/interchange/boliva/patricia/AF3/D1LUZ8/seed-1_sample-3/D1LUZ8_seed-1_sample-3_model.cif;/data/sbi/interchange/boliva/patricia/AF3/D1LUZ8/seed-1_sample-4/D1LUZ8_seed-1_sample-4_model.cif	YES	YES	YES	YES	NO	/data/sbi/interchange/boliva/patricia/AF3/D1LUZ8/D1LUZ8_model.cif	1	0	0	0	AF3_RETURN_EMPTY_INTERFACE	Preferred complete empty-interface model by ranking score and selected-model status. Model results: FAIL_EMPTY_PROTEIN_DNA_INTERFACE=6.
D2KFR9	YES	D2KFR9|gene=STAT1|primary=Identical_PWM|family=Sfi1_C,STAT_alpha,STAT_int|no_active_pdb_model Truncated signal transducer and activator of transcription 1	193	YES	18	/data/sbi/interchange/boliva/patricia/AF3/D2KFR9/D2KFR9_model.cif;/data/sbi/interchange/boliva/patricia/AF3/D2KFR9/seed-1_sample-0/D2KFR9_seed-1_sample-0_model.cif;/data/sbi/interchange/boliva/patricia/AF3/D2KFR9/seed-1_sample-1/D2KFR9_seed-1_sample-1_model.cif;/data/sbi/interchange/boliva/patricia/AF3/D2KFR9/seed-1_sample-2/D2KFR9_seed-1_sample-2_model.cif;/data/sbi/interchange/boliva/patricia/AF3/D2KFR9/seed-1_sample-3/D2KFR9_seed-1_sample-3_model.cif;/data/sbi/interchange/boliva/patricia/AF3/D2KFR9/seed-1_sample-4/D2KFR9_seed-1_sample-4_model.cif;/data/sbi/interchange/boliva/patricia/AF3/D2KFR9_dimer/D2KFR9_dimer_model.cif;/data/sbi/interchange/boliva/patricia/AF3/D2KFR9_dimer/seed-1_sample-0/D2KFR9_dimer_seed-1_sample-0_model.cif;/data/sbi/interchange/boliva/patricia/AF3/D2KFR9_dimer/seed-1_sample-1/D2KFR9_dimer_seed-1_sample-1_model.cif;/data/sbi/interchange/boliva/patricia/AF3/D2KFR9_dimer/seed-1_sample-2/D2KFR9_dimer_seed-1_sample-2_model.cif;/data/sbi/interchange/boliva/patricia/AF3/D2KFR9_dimer/seed-1_sample-3/D2KFR9_dimer_seed-1_sample-3_model.cif;/data/sbi/interchange/boliva/patricia/AF3/D2KFR9_dimer/seed-1_sample-4/D2KFR9_dimer_seed-1_sample-4_model.cif;/data/sbi/interchange/boliva/patricia/AF3/D2KFR9_monomer/D2KFR9_monomer_model.cif;/data/sbi/interchange/boliva/patricia/AF3/D2KFR9_monomer/seed-1_sample-0/D2KFR9_monomer_seed-1_sample-0_model.cif;/data/sbi/interchange/boliva/patricia/AF3/D2KFR9_monomer/seed-1_sample-1/D2KFR9_monomer_seed-1_sample-1_model.cif;/data/sbi/interchange/boliva/patricia/AF3/D2KFR9_monomer/seed-1_sample-2/D2KFR9_monomer_seed-1_sample-2_model.cif;/data/sbi/interchange/boliva/patricia/AF3/D2KFR9_monomer/seed-1_sample-3/D2KFR9_monomer_seed-1_sample-3_model.cif;/data/sbi/interchange/boliva/patricia/AF3/D2KFR9_monomer/seed-1_sample-4/D2KFR9_monomer_seed-1_sample-4_model.cif	YES	YES	YES	YES	NO	/data/sbi/interchange/boliva/patricia/AF3/D2KFR9/D2KFR9_model.cif	1	0	0	0	AF3_RETURN_EMPTY_INTERFACE	Preferred complete empty-interface model by ranking score and selected-model status. Model results: FAIL_EMPTY_PROTEIN_DNA_INTERFACE=18.
D6RAB1	YES	D6RAB1|gene=LEF1|primary=Identical_PWM|family=CTNNB1_binding|no_active_pdb_model Lymphoid enhancer binding factor 1	173	YES	6	/data/sbi/interchange/boliva/patricia/AF3/D6RAB1/D6RAB1_model.cif;/data/sbi/interchange/boliva/patricia/AF3/D6RAB1/seed-1_sample-0/D6RAB1_seed-1_sample-0_model.cif;/data/sbi/interchange/boliva/patricia/AF3/D6RAB1/seed-1_sample-1/D6RAB1_seed-1_sample-1_model.cif;/data/sbi/interchange/boliva/patricia/AF3/D6RAB1/seed-1_sample-2/D6RAB1_seed-1_sample-2_model.cif;/data/sbi/interchange/boliva/patricia/AF3/D6RAB1/seed-1_sample-3/D6RAB1_seed-1_sample-3_model.cif;/data/sbi/interchange/boliva/patricia/AF3/D6RAB1/seed-1_sample-4/D6RAB1_seed-1_sample-4_model.cif	YES	YES	YES	YES	NO	/data/sbi/interchange/boliva/patricia/AF3/D6RAB1/D6RAB1_model.cif	1	0	0	0	AF3_RETURN_EMPTY_INTERFACE	Preferred complete empty-interface model by ranking score and selected-model status. Model results: FAIL_EMPTY_PROTEIN_DNA_INTERFACE=6.
D6RID7	YES	D6RID7|gene=LEF1|primary=Homologous_PWM|family=CTNNB1_binding|no_active_pdb_model Lymphoid enhancer binding factor 1	133	YES	6	/data/sbi/interchange/boliva/patricia/AF3/D6RID7/D6RID7_model.cif;/data/sbi/interchange/boliva/patricia/AF3/D6RID7/seed-1_sample-0/D6RID7_seed-1_sample-0_model.cif;/data/sbi/interchange/boliva/patricia/AF3/D6RID7/seed-1_sample-1/D6RID7_seed-1_sample-1_model.cif;/data/sbi/interchange/boliva/patricia/AF3/D6RID7/seed-1_sample-2/D6RID7_seed-1_sample-2_model.cif;/data/sbi/interchange/boliva/patricia/AF3/D6RID7/seed-1_sample-3/D6RID7_seed-1_sample-3_model.cif;/data/sbi/interchange/boliva/patricia/AF3/D6RID7/seed-1_sample-4/D6RID7_seed-1_sample-4_model.cif	YES	YES	YES	YES	NO	/data/sbi/interchange/boliva/patricia/AF3/D6RID7/D6RID7_model.cif	1	0	0	0	AF3_RETURN_EMPTY_INTERFACE	Preferred complete empty-interface model by ranking score and selected-model status. Model results: FAIL_EMPTY_PROTEIN_DNA_INTERFACE=6.
D6RIV1	YES	D6RIV1|gene=LEF1|primary=Identical_PWM|family=CTNNB1_binding|no_active_pdb_model Lymphoid enhancer binding factor 1	145	YES	6	/data/sbi/interchange/boliva/patricia/AF3/D6RIV1/D6RIV1_model.cif;/data/sbi/interchange/boliva/patricia/AF3/D6RIV1/seed-1_sample-0/D6RIV1_seed-1_sample-0_model.cif;/data/sbi/interchange/boliva/patricia/AF3/D6RIV1/seed-1_sample-1/D6RIV1_seed-1_sample-1_model.cif;/data/sbi/interchange/boliva/patricia/AF3/D6RIV1/seed-1_sample-2/D6RIV1_seed-1_sample-2_model.cif;/data/sbi/interchange/boliva/patricia/AF3/D6RIV1/seed-1_sample-3/D6RIV1_seed-1_sample-3_model.cif;/data/sbi/interchange/boliva/patricia/AF3/D6RIV1/seed-1_sample-4/D6RIV1_seed-1_sample-4_model.cif	YES	YES	YES	YES	NO	/data/sbi/interchange/boliva/patricia/AF3/D6RIV1/D6RIV1_model.cif	1	0	0	0	AF3_RETURN_EMPTY_INTERFACE	Preferred complete empty-interface model by ranking score and selected-model status. Model results: FAIL_EMPTY_PROTEIN_DNA_INTERFACE=6.
E0ZS57	YES	E0ZS57|gene=TEF|primary=Identical_PWM|family=|no_active_pdb_model Thyrotrophic embryonic factor	114	YES	6	/data/sbi/interchange/boliva/patricia/AF3/E0ZS57/E0ZS57_model.cif;/data/sbi/interchange/boliva/patricia/AF3/E0ZS57/seed-1_sample-0/E0ZS57_seed-1_sample-0_model.cif;/data/sbi/interchange/boliva/patricia/AF3/E0ZS57/seed-1_sample-1/E0ZS57_seed-1_sample-1_model.cif;/data/sbi/interchange/boliva/patricia/AF3/E0ZS57/seed-1_sample-2/E0ZS57_seed-1_sample-2_model.cif;/data/sbi/interchange/boliva/patricia/AF3/E0ZS57/seed-1_sample-3/E0ZS57_seed-1_sample-3_model.cif;/data/sbi/interchange/boliva/patricia/AF3/E0ZS57/seed-1_sample-4/E0ZS57_seed-1_sample-4_model.cif	YES	YES	YES	YES	NO	/data/sbi/interchange/boliva/patricia/AF3/E0ZS57/E0ZS57_model.cif	1	0	0	0	AF3_RETURN_EMPTY_INTERFACE	Preferred complete empty-interface model by ranking score and selected-model status. Model results: FAIL_EMPTY_PROTEIN_DNA_INTERFACE=6.
E5RG75	YES	E5RG75|gene=TCF7|primary=Identical_PWM|family=CTNNB1_binding|no_active_pdb_model Transcription factor 7	147	YES	6	/data/sbi/interchange/boliva/patricia/AF3/E5RG75/E5RG75_model.cif;/data/sbi/interchange/boliva/patricia/AF3/E5RG75/seed-1_sample-0/E5RG75_seed-1_sample-0_model.cif;/data/sbi/interchange/boliva/patricia/AF3/E5RG75/seed-1_sample-1/E5RG75_seed-1_sample-1_model.cif;/data/sbi/interchange/boliva/patricia/AF3/E5RG75/seed-1_sample-2/E5RG75_seed-1_sample-2_model.cif;/data/sbi/interchange/boliva/patricia/AF3/E5RG75/seed-1_sample-3/E5RG75_seed-1_sample-3_model.cif;/data/sbi/interchange/boliva/patricia/AF3/E5RG75/seed-1_sample-4/E5RG75_seed-1_sample-4_model.cif	YES	YES	YES	YES	NO	/data/sbi/interchange/boliva/patricia/AF3/E5RG75/E5RG75_model.cif	1	0	0	0	AF3_RETURN_EMPTY_INTERFACE	Preferred complete empty-interface model by ranking score and selected-model status. Model results: FAIL_EMPTY_PROTEIN_DNA_INTERFACE=6.
E5RJ51	YES	E5RJ51|gene=TCF7|primary=Identical_PWM|family=DUF605,CTNNB1_binding|no_active_pdb_model Transcription factor 7	122	YES	6	/data/sbi/interchange/boliva/patricia/AF3/E5RJ51/E5RJ51_model.cif;/data/sbi/interchange/boliva/patricia/AF3/E5RJ51/seed-1_sample-0/E5RJ51_seed-1_sample-0_model.cif;/data/sbi/interchange/boliva/patricia/AF3/E5RJ51/seed-1_sample-1/E5RJ51_seed-1_sample-1_model.cif;/data/sbi/interchange/boliva/patricia/AF3/E5RJ51/seed-1_sample-2/E5RJ51_seed-1_sample-2_model.cif;/data/sbi/interchange/boliva/patricia/AF3/E5RJ51/seed-1_sample-3/E5RJ51_seed-1_sample-3_model.cif;/data/sbi/interchange/boliva/patricia/AF3/E5RJ51/seed-1_sample-4/E5RJ51_seed-1_sample-4_model.cif	YES	YES	YES	YES	NO	/data/sbi/interchange/boliva/patricia/AF3/E5RJ51/E5RJ51_model.cif	1	0	0	0	AF3_RETURN_EMPTY_INTERFACE	Preferred complete empty-interface model by ranking score and selected-model status. Model results: FAIL_EMPTY_PROTEIN_DNA_INTERFACE=6.
E7EU07	YES	E7EU07|gene=PPARG|primary=Identical_PWM|family=PPARgamma_N|no_active_pdb_model Peroxisome proliferator-activated receptor gamma (PPAR-gamma) (Nuclear receptor subfamily 1 group C member 3)	97	YES	6	/data/sbi/interchange/boliva/patricia/AF3/E7EU07/E7EU07_model.cif;/data/sbi/interchange/boliva/patricia/AF3/E7EU07/seed-1_sample-0/E7EU07_seed-1_sample-0_model.cif;/data/sbi/interchange/boliva/patricia/AF3/E7EU07/seed-1_sample-1/E7EU07_seed-1_sample-1_model.cif;/data/sbi/interchange/boliva/patricia/AF3/E7EU07/seed-1_sample-2/E7EU07_seed-1_sample-2_model.cif;/data/sbi/interchange/boliva/patricia/AF3/E7EU07/seed-1_sample-3/E7EU07_seed-1_sample-3_model.cif;/data/sbi/interchange/boliva/patricia/AF3/E7EU07/seed-1_sample-4/E7EU07_seed-1_sample-4_model.cif	YES	YES	YES	YES	NO	/data/sbi/interchange/boliva/patricia/AF3/E7EU07/E7EU07_model.cif	1	0	0	0	AF3_RETURN_EMPTY_INTERFACE	Preferred complete empty-interface model by ranking score and selected-model status. Model results: FAIL_EMPTY_PROTEIN_DNA_INTERFACE=6.
E9PKB7	YES	E9PKB7|gene=TEAD1|primary=Identical_PWM|family=TEA|no_active_pdb_model TEA domain transcription factor 1	330	YES	6	/data/sbi/interchange/boliva/patricia/AF3/E9PKB7/E9PKB7_model.cif;/data/sbi/interchange/boliva/patricia/AF3/E9PKB7/seed-1_sample-0/E9PKB7_seed-1_sample-0_model.cif;/data/sbi/interchange/boliva/patricia/AF3/E9PKB7/seed-1_sample-1/E9PKB7_seed-1_sample-1_model.cif;/data/sbi/interchange/boliva/patricia/AF3/E9PKB7/seed-1_sample-2/E9PKB7_seed-1_sample-2_model.cif;/data/sbi/interchange/boliva/patricia/AF3/E9PKB7/seed-1_sample-3/E9PKB7_seed-1_sample-3_model.cif;/data/sbi/interchange/boliva/patricia/AF3/E9PKB7/seed-1_sample-4/E9PKB7_seed-1_sample-4_model.cif	YES	YES	YES	YES	NO	/data/sbi/interchange/boliva/patricia/AF3/E9PKB7/E9PKB7_model.cif	1	0	0	0	AF3_RETURN_EMPTY_INTERFACE	Preferred complete empty-interface model by ranking score and selected-model status. Model results: FAIL_EMPTY_PROTEIN_DNA_INTERFACE=6.
E9PL67	YES	E9PL67|gene=HINFP|primary=Identical_PWM|family=FAST_1|no_active_pdb_model Histone H4 transcription factor	100	YES	6	/data/sbi/interchange/boliva/patricia/AF3/E9PL67/E9PL67_model.cif;/data/sbi/interchange/boliva/patricia/AF3/E9PL67/seed-1_sample-0/E9PL67_seed-1_sample-0_model.cif;/data/sbi/interchange/boliva/patricia/AF3/E9PL67/seed-1_sample-1/E9PL67_seed-1_sample-1_model.cif;/data/sbi/interchange/boliva/patricia/AF3/E9PL67/seed-1_sample-2/E9PL67_seed-1_sample-2_model.cif;/data/sbi/interchange/boliva/patricia/AF3/E9PL67/seed-1_sample-3/E9PL67_seed-1_sample-3_model.cif;/data/sbi/interchange/boliva/patricia/AF3/E9PL67/seed-1_sample-4/E9PL67_seed-1_sample-4_model.cif	YES	YES	YES	YES	NO	/data/sbi/interchange/boliva/patricia/AF3/E9PL67/E9PL67_model.cif	1	0	0	0	AF3_RETURN_EMPTY_INTERFACE	Preferred complete empty-interface model by ranking score and selected-model status. Model results: FAIL_EMPTY_PROTEIN_DNA_INTERFACE=6.
E9PN75	YES	E9PN75|gene=EHF|primary=Identical_PWM|family=SAM_PNT,Ste50p-SAM|no_active_pdb_model ETS homologous factor	166	YES	6	/data/sbi/interchange/boliva/patricia/AF3/E9PN75/E9PN75_model.cif;/data/sbi/interchange/boliva/patricia/AF3/E9PN75/seed-1_sample-0/E9PN75_seed-1_sample-0_model.cif;/data/sbi/interchange/boliva/patricia/AF3/E9PN75/seed-1_sample-1/E9PN75_seed-1_sample-1_model.cif;/data/sbi/interchange/boliva/patricia/AF3/E9PN75/seed-1_sample-2/E9PN75_seed-1_sample-2_model.cif;/data/sbi/interchange/boliva/patricia/AF3/E9PN75/seed-1_sample-3/E9PN75_seed-1_sample-3_model.cif;/data/sbi/interchange/boliva/patricia/AF3/E9PN75/seed-1_sample-4/E9PN75_seed-1_sample-4_model.cif	YES	YES	YES	YES	NO	/data/sbi/interchange/boliva/patricia/AF3/E9PN75/E9PN75_model.cif	1	0	0	0	AF3_RETURN_EMPTY_INTERFACE	Preferred complete empty-interface model by ranking score and selected-model status. Model results: FAIL_EMPTY_PROTEIN_DNA_INTERFACE=6.
E9PPS9	YES	E9PPS9|gene=EHF|primary=Identical_PWM|family=SAM_PNT,Ste50p-SAM|no_active_pdb_model ETS homologous factor	126	YES	6	/data/sbi/interchange/boliva/patricia/AF3/E9PPS9/E9PPS9_model.cif;/data/sbi/interchange/boliva/patricia/AF3/E9PPS9/seed-1_sample-0/E9PPS9_seed-1_sample-0_model.cif;/data/sbi/interchange/boliva/patricia/AF3/E9PPS9/seed-1_sample-1/E9PPS9_seed-1_sample-1_model.cif;/data/sbi/interchange/boliva/patricia/AF3/E9PPS9/seed-1_sample-2/E9PPS9_seed-1_sample-2_model.cif;/data/sbi/interchange/boliva/patricia/AF3/E9PPS9/seed-1_sample-3/E9PPS9_seed-1_sample-3_model.cif;/data/sbi/interchange/boliva/patricia/AF3/E9PPS9/seed-1_sample-4/E9PPS9_seed-1_sample-4_model.cif	YES	YES	YES	YES	NO	/data/sbi/interchange/boliva/patricia/AF3/E9PPS9/E9PPS9_model.cif	1	0	0	0	AF3_RETURN_EMPTY_INTERFACE	Preferred complete empty-interface model by ranking score and selected-model status. Model results: FAIL_EMPTY_PROTEIN_DNA_INTERFACE=6.
E9PQA2	YES	E9PQA2|gene=USF1|primary=Identical_PWM|family=|no_active_pdb_model Upstream transcription factor 1	105	YES	6	/data/sbi/interchange/boliva/patricia/AF3/E9PQA2/E9PQA2_model.cif;/data/sbi/interchange/boliva/patricia/AF3/E9PQA2/seed-1_sample-0/E9PQA2_seed-1_sample-0_model.cif;/data/sbi/interchange/boliva/patricia/AF3/E9PQA2/seed-1_sample-1/E9PQA2_seed-1_sample-1_model.cif;/data/sbi/interchange/boliva/patricia/AF3/E9PQA2/seed-1_sample-2/E9PQA2_seed-1_sample-2_model.cif;/data/sbi/interchange/boliva/patricia/AF3/E9PQA2/seed-1_sample-3/E9PQA2_seed-1_sample-3_model.cif;/data/sbi/interchange/boliva/patricia/AF3/E9PQA2/seed-1_sample-4/E9PQA2_seed-1_sample-4_model.cif	YES	YES	YES	YES	NO	/data/sbi/interchange/boliva/patricia/AF3/E9PQA2/E9PQA2_model.cif	1	0	0	0	AF3_RETURN_EMPTY_INTERFACE	Preferred complete empty-interface model by ranking score and selected-model status. Model results: FAIL_EMPTY_PROTEIN_DNA_INTERFACE=6.
E9PQR6	YES	E9PQR6|gene=EHF|primary=Identical_PWM|family=SAM_PNT,Ste50p-SAM|no_active_pdb_model ETS homologous factor	173	YES	6	/data/sbi/interchange/boliva/patricia/AF3/E9PQR6/E9PQR6_model.cif;/data/sbi/interchange/boliva/patricia/AF3/E9PQR6/seed-1_sample-0/E9PQR6_seed-1_sample-0_model.cif;/data/sbi/interchange/boliva/patricia/AF3/E9PQR6/seed-1_sample-1/E9PQR6_seed-1_sample-1_model.cif;/data/sbi/interchange/boliva/patricia/AF3/E9PQR6/seed-1_sample-2/E9PQR6_seed-1_sample-2_model.cif;/data/sbi/interchange/boliva/patricia/AF3/E9PQR6/seed-1_sample-3/E9PQR6_seed-1_sample-3_model.cif;/data/sbi/interchange/boliva/patricia/AF3/E9PQR6/seed-1_sample-4/E9PQR6_seed-1_sample-4_model.cif	YES	YES	YES	YES	NO	/data/sbi/interchange/boliva/patricia/AF3/E9PQR6/E9PQR6_model.cif	1	0	0	0	AF3_RETURN_EMPTY_INTERFACE	Preferred complete empty-interface model by ranking score and selected-model status. Model results: FAIL_EMPTY_PROTEIN_DNA_INTERFACE=6.
E9PQX0	YES	E9PQX0|gene=EHF|primary=Identical_PWM|family=SAM_PNT,Ste50p-SAM|no_active_pdb_model ETS homologous factor	158	YES	6	/data/sbi/interchange/boliva/patricia/AF3/E9PQX0/E9PQX0_model.cif;/data/sbi/interchange/boliva/patricia/AF3/E9PQX0/seed-1_sample-0/E9PQX0_seed-1_sample-0_model.cif;/data/sbi/interchange/boliva/patricia/AF3/E9PQX0/seed-1_sample-1/E9PQX0_seed-1_sample-1_model.cif;/data/sbi/interchange/boliva/patricia/AF3/E9PQX0/seed-1_sample-2/E9PQX0_seed-1_sample-2_model.cif;/data/sbi/interchange/boliva/patricia/AF3/E9PQX0/seed-1_sample-3/E9PQX0_seed-1_sample-3_model.cif;/data/sbi/interchange/boliva/patricia/AF3/E9PQX0/seed-1_sample-4/E9PQX0_seed-1_sample-4_model.cif	YES	YES	YES	YES	NO	/data/sbi/interchange/boliva/patricia/AF3/E9PQX0/E9PQX0_model.cif	1	0	0	0	AF3_RETURN_EMPTY_INTERFACE	Preferred complete empty-interface model by ranking score and selected-model status. Model results: FAIL_EMPTY_PROTEIN_DNA_INTERFACE=6.
F5GWL1	YES	F5GWL1|gene=SOX5|primary=Identical_PWM|family=|no_active_pdb_model SRY-box transcription factor 5	144	YES	6	/data/sbi/interchange/boliva/patricia/AF3/F5GWL1/F5GWL1_model.cif;/data/sbi/interchange/boliva/patricia/AF3/F5GWL1/seed-1_sample-0/F5GWL1_seed-1_sample-0_model.cif;/data/sbi/interchange/boliva/patricia/AF3/F5GWL1/seed-1_sample-1/F5GWL1_seed-1_sample-1_model.cif;/data/sbi/interchange/boliva/patricia/AF3/F5GWL1/seed-1_sample-2/F5GWL1_seed-1_sample-2_model.cif;/data/sbi/interchange/boliva/patricia/AF3/F5GWL1/seed-1_sample-3/F5GWL1_seed-1_sample-3_model.cif;/data/sbi/interchange/boliva/patricia/AF3/F5GWL1/seed-1_sample-4/F5GWL1_seed-1_sample-4_model.cif	YES	YES	YES	YES	NO	/data/sbi/interchange/boliva/patricia/AF3/F5GWL1/F5GWL1_model.cif	1	0	0	0	AF3_RETURN_EMPTY_INTERFACE	Preferred complete empty-interface model by ranking score and selected-model status. Model results: FAIL_EMPTY_PROTEIN_DNA_INTERFACE=6.
F6X9D6	YES	F6X9D6|gene=RFX5|primary=Identical_PWM|family=RFX_DNA_binding,Pox_D5|no_active_pdb_model Regulatory factor X5	123	YES	6	/data/sbi/interchange/boliva/patricia/AF3/F6X9D6/F6X9D6_model.cif;/data/sbi/interchange/boliva/patricia/AF3/F6X9D6/seed-1_sample-0/F6X9D6_seed-1_sample-0_model.cif;/data/sbi/interchange/boliva/patricia/AF3/F6X9D6/seed-1_sample-1/F6X9D6_seed-1_sample-1_model.cif;/data/sbi/interchange/boliva/patricia/AF3/F6X9D6/seed-1_sample-2/F6X9D6_seed-1_sample-2_model.cif;/data/sbi/interchange/boliva/patricia/AF3/F6X9D6/seed-1_sample-3/F6X9D6_seed-1_sample-3_model.cif;/data/sbi/interchange/boliva/patricia/AF3/F6X9D6/seed-1_sample-4/F6X9D6_seed-1_sample-4_model.cif	YES	YES	YES	YES	NO	/data/sbi/interchange/boliva/patricia/AF3/F6X9D6/F6X9D6_model.cif	1	0	0	0	AF3_RETURN_EMPTY_INTERFACE	Preferred complete empty-interface model by ranking score and selected-model status. Model results: FAIL_EMPTY_PROTEIN_DNA_INTERFACE=6.
G3V0H1	YES	G3V0H1|gene=SOX5|primary=Homologous_PWM|family=|no_active_pdb_model SRY-box transcription factor 5	128	YES	6	/data/sbi/interchange/boliva/patricia/AF3/G3V0H1/G3V0H1_model.cif;/data/sbi/interchange/boliva/patricia/AF3/G3V0H1/seed-1_sample-0/G3V0H1_seed-1_sample-0_model.cif;/data/sbi/interchange/boliva/patricia/AF3/G3V0H1/seed-1_sample-1/G3V0H1_seed-1_sample-1_model.cif;/data/sbi/interchange/boliva/patricia/AF3/G3V0H1/seed-1_sample-2/G3V0H1_seed-1_sample-2_model.cif;/data/sbi/interchange/boliva/patricia/AF3/G3V0H1/seed-1_sample-3/G3V0H1_seed-1_sample-3_model.cif;/data/sbi/interchange/boliva/patricia/AF3/G3V0H1/seed-1_sample-4/G3V0H1_seed-1_sample-4_model.cif	YES	YES	YES	YES	NO	/data/sbi/interchange/boliva/patricia/AF3/G3V0H1/G3V0H1_model.cif	1	0	0	0	AF3_RETURN_EMPTY_INTERFACE	Preferred complete empty-interface model by ranking score and selected-model status. Model results: FAIL_EMPTY_PROTEIN_DNA_INTERFACE=6.
G3V289	YES	G3V289|gene=FOS|primary=Homologous_PWM|family=|no_active_pdb_model Protein c-Fos (Cellular oncogene fos)	170	YES	6	/data/sbi/interchange/boliva/patricia/AF3/G3V289/G3V289_model.cif;/data/sbi/interchange/boliva/patricia/AF3/G3V289/seed-1_sample-0/G3V289_seed-1_sample-0_model.cif;/data/sbi/interchange/boliva/patricia/AF3/G3V289/seed-1_sample-1/G3V289_seed-1_sample-1_model.cif;/data/sbi/interchange/boliva/patricia/AF3/G3V289/seed-1_sample-2/G3V289_seed-1_sample-2_model.cif;/data/sbi/interchange/boliva/patricia/AF3/G3V289/seed-1_sample-3/G3V289_seed-1_sample-3_model.cif;/data/sbi/interchange/boliva/patricia/AF3/G3V289/seed-1_sample-4/G3V289_seed-1_sample-4_model.cif	YES	YES	YES	YES	NO	/data/sbi/interchange/boliva/patricia/AF3/G3V289/G3V289_model.cif	1	0	0	0	AF3_RETURN_EMPTY_INTERFACE	Preferred complete empty-interface model by ranking score and selected-model status. Model results: FAIL_EMPTY_PROTEIN_DNA_INTERFACE=6.
G3V302	YES	G3V302|gene=MAX|primary=Homologous_PWM|family=|no_active_pdb_model MYC associated factor X	97	YES	6	/data/sbi/interchange/boliva/patricia/AF3/G3V302/G3V302_model.cif;/data/sbi/interchange/boliva/patricia/AF3/G3V302/seed-1_sample-0/G3V302_seed-1_sample-0_model.cif;/data/sbi/interchange/boliva/patricia/AF3/G3V302/seed-1_sample-1/G3V302_seed-1_sample-1_model.cif;/data/sbi/interchange/boliva/patricia/AF3/G3V302/seed-1_sample-2/G3V302_seed-1_sample-2_model.cif;/data/sbi/interchange/boliva/patricia/AF3/G3V302/seed-1_sample-3/G3V302_seed-1_sample-3_model.cif;/data/sbi/interchange/boliva/patricia/AF3/G3V302/seed-1_sample-4/G3V302_seed-1_sample-4_model.cif	YES	YES	YES	YES	NO	/data/sbi/interchange/boliva/patricia/AF3/G3V302/G3V302_model.cif	1	0	0	0	AF3_RETURN_EMPTY_INTERFACE	Preferred complete empty-interface model by ranking score and selected-model status. Model results: FAIL_EMPTY_PROTEIN_DNA_INTERFACE=6.
G3V447	YES	G3V447|gene=ZBTB1|primary=Homologous_PWM|family=BTB,CYTH|no_active_pdb_model Zinc finger and BTB domain-containing protein 1	155	YES	6	/data/sbi/interchange/boliva/patricia/AF3/G3V447/G3V447_model.cif;/data/sbi/interchange/boliva/patricia/AF3/G3V447/seed-1_sample-0/G3V447_seed-1_sample-0_model.cif;/data/sbi/interchange/boliva/patricia/AF3/G3V447/seed-1_sample-1/G3V447_seed-1_sample-1_model.cif;/data/sbi/interchange/boliva/patricia/AF3/G3V447/seed-1_sample-2/G3V447_seed-1_sample-2_model.cif;/data/sbi/interchange/boliva/patricia/AF3/G3V447/seed-1_sample-3/G3V447_seed-1_sample-3_model.cif;/data/sbi/interchange/boliva/patricia/AF3/G3V447/seed-1_sample-4/G3V447_seed-1_sample-4_model.cif	YES	YES	YES	YES	NO	/data/sbi/interchange/boliva/patricia/AF3/G3V447/G3V447_model.cif	1	0	0	0	AF3_RETURN_EMPTY_INTERFACE	Preferred complete empty-interface model by ranking score and selected-model status. Model results: FAIL_EMPTY_PROTEIN_DNA_INTERFACE=6.
H0Y797	YES	H0Y797|gene=TEF|primary=Identical_PWM|family=|no_active_pdb_model TEF transcription factor, PAR bZIP family member	184	YES	6	/data/sbi/interchange/boliva/patricia/AF3/H0Y797/H0Y797_model.cif;/data/sbi/interchange/boliva/patricia/AF3/H0Y797/seed-1_sample-0/H0Y797_seed-1_sample-0_model.cif;/data/sbi/interchange/boliva/patricia/AF3/H0Y797/seed-1_sample-1/H0Y797_seed-1_sample-1_model.cif;/data/sbi/interchange/boliva/patricia/AF3/H0Y797/seed-1_sample-2/H0Y797_seed-1_sample-2_model.cif;/data/sbi/interchange/boliva/patricia/AF3/H0Y797/seed-1_sample-3/H0Y797_seed-1_sample-3_model.cif;/data/sbi/interchange/boliva/patricia/AF3/H0Y797/seed-1_sample-4/H0Y797_seed-1_sample-4_model.cif	YES	YES	YES	YES	NO	/data/sbi/interchange/boliva/patricia/AF3/H0Y797/H0Y797_model.cif	1	0	0	0	AF3_RETURN_EMPTY_INTERFACE	Preferred complete empty-interface model by ranking score and selected-model status. Model results: FAIL_EMPTY_PROTEIN_DNA_INTERFACE=6.
H0Y7E5	YES	H0Y7E5|gene=SREBF2|primary=Homologous_PWM|family=|no_active_pdb_model Sterol regulatory element binding transcription factor 2	257	YES	6	/data/sbi/interchange/boliva/patricia/AF3/H0Y7E5/H0Y7E5_model.cif;/data/sbi/interchange/boliva/patricia/AF3/H0Y7E5/seed-1_sample-0/H0Y7E5_seed-1_sample-0_model.cif;/data/sbi/interchange/boliva/patricia/AF3/H0Y7E5/seed-1_sample-1/H0Y7E5_seed-1_sample-1_model.cif;/data/sbi/interchange/boliva/patricia/AF3/H0Y7E5/seed-1_sample-2/H0Y7E5_seed-1_sample-2_model.cif;/data/sbi/interchange/boliva/patricia/AF3/H0Y7E5/seed-1_sample-3/H0Y7E5_seed-1_sample-3_model.cif;/data/sbi/interchange/boliva/patricia/AF3/H0Y7E5/seed-1_sample-4/H0Y7E5_seed-1_sample-4_model.cif	YES	YES	YES	YES	NO	/data/sbi/interchange/boliva/patricia/AF3/H0Y7E5/H0Y7E5_model.cif	1	0	0	0	AF3_RETURN_EMPTY_INTERFACE	Preferred complete empty-interface model by ranking score and selected-model status. Model results: FAIL_EMPTY_PROTEIN_DNA_INTERFACE=6.
H0YG25	YES	H0YG25|gene=ETV6|primary=Identical_PWM|family=SAM_PNT,SAM_1|no_active_pdb_model ETS variant transcription factor 6	88	YES	6	/data/sbi/interchange/boliva/patricia/AF3/H0YG25/H0YG25_model.cif;/data/sbi/interchange/boliva/patricia/AF3/H0YG25/seed-1_sample-0/H0YG25_seed-1_sample-0_model.cif;/data/sbi/interchange/boliva/patricia/AF3/H0YG25/seed-1_sample-1/H0YG25_seed-1_sample-1_model.cif;/data/sbi/interchange/boliva/patricia/AF3/H0YG25/seed-1_sample-2/H0YG25_seed-1_sample-2_model.cif;/data/sbi/interchange/boliva/patricia/AF3/H0YG25/seed-1_sample-3/H0YG25_seed-1_sample-3_model.cif;/data/sbi/interchange/boliva/patricia/AF3/H0YG25/seed-1_sample-4/H0YG25_seed-1_sample-4_model.cif	YES	YES	YES	YES	NO	/data/sbi/interchange/boliva/patricia/AF3/H0YG25/H0YG25_model.cif	1	0	0	0	AF3_RETURN_EMPTY_INTERFACE	Preferred complete empty-interface model by ranking score and selected-model status. Model results: FAIL_EMPTY_PROTEIN_DNA_INTERFACE=6.
H0YGT3	YES	H0YGT3|gene=ESRRA|primary=Homologous_PWM|family=Hormone_recep|no_active_pdb_model Estrogen related receptor alpha	198	YES	6	/data/sbi/interchange/boliva/patricia/AF3/H0YGT3/H0YGT3_model.cif;/data/sbi/interchange/boliva/patricia/AF3/H0YGT3/seed-1_sample-0/H0YGT3_seed-1_sample-0_model.cif;/data/sbi/interchange/boliva/patricia/AF3/H0YGT3/seed-1_sample-1/H0YGT3_seed-1_sample-1_model.cif;/data/sbi/interchange/boliva/patricia/AF3/H0YGT3/seed-1_sample-2/H0YGT3_seed-1_sample-2_model.cif;/data/sbi/interchange/boliva/patricia/AF3/H0YGT3/seed-1_sample-3/H0YGT3_seed-1_sample-3_model.cif;/data/sbi/interchange/boliva/patricia/AF3/H0YGT3/seed-1_sample-4/H0YGT3_seed-1_sample-4_model.cif	YES	YES	YES	YES	NO	/data/sbi/interchange/boliva/patricia/AF3/H0YGT3/H0YGT3_model.cif	1	0	0	0	AF3_RETURN_EMPTY_INTERFACE	Preferred complete empty-interface model by ranking score and selected-model status. Model results: FAIL_EMPTY_PROTEIN_DNA_INTERFACE=6.
H0YNG1	YES	H0YNG1|gene=POU2F2|primary=Homologous_PWM|family=|no_active_pdb_model POU domain, class 2, transcription factor 1 (NF-A1) (Octamer-binding protein 1) (Octamer-binding transcription factor 1)	198	YES	6	/data/sbi/interchange/boliva/patricia/AF3/H0YNG1/H0YNG1_model.cif;/data/sbi/interchange/boliva/patricia/AF3/H0YNG1/seed-1_sample-0/H0YNG1_seed-1_sample-0_model.cif;/data/sbi/interchange/boliva/patricia/AF3/H0YNG1/seed-1_sample-1/H0YNG1_seed-1_sample-1_model.cif;/data/sbi/interchange/boliva/patricia/AF3/H0YNG1/seed-1_sample-2/H0YNG1_seed-1_sample-2_model.cif;/data/sbi/interchange/boliva/patricia/AF3/H0YNG1/seed-1_sample-3/H0YNG1_seed-1_sample-3_model.cif;/data/sbi/interchange/boliva/patricia/AF3/H0YNG1/seed-1_sample-4/H0YNG1_seed-1_sample-4_model.cif	YES	YES	YES	YES	NO	/data/sbi/interchange/boliva/patricia/AF3/H0YNG1/H0YNG1_model.cif	1	0	0	0	AF3_RETURN_EMPTY_INTERFACE	Preferred complete empty-interface model by ranking score and selected-model status. Model results: FAIL_EMPTY_PROTEIN_DNA_INTERFACE=6.
I3L0A5	YES	I3L0A5|gene=SOX5|primary=Homologous_PWM|family=LOH1CR12,Exonuc_VII_L,OmpH,DivIVA,DUF3347|no_active_pdb_model SRY-box transcription factor 5	509	YES	6	/data/sbi/interchange/boliva/patricia/AF3/I3L0A5/I3L0A5_model.cif;/data/sbi/interchange/boliva/patricia/AF3/I3L0A5/seed-1_sample-0/I3L0A5_seed-1_sample-0_model.cif;/data/sbi/interchange/boliva/patricia/AF3/I3L0A5/seed-1_sample-1/I3L0A5_seed-1_sample-1_model.cif;/data/sbi/interchange/boliva/patricia/AF3/I3L0A5/seed-1_sample-2/I3L0A5_seed-1_sample-2_model.cif;/data/sbi/interchange/boliva/patricia/AF3/I3L0A5/seed-1_sample-3/I3L0A5_seed-1_sample-3_model.cif;/data/sbi/interchange/boliva/patricia/AF3/I3L0A5/seed-1_sample-4/I3L0A5_seed-1_sample-4_model.cif	YES	YES	YES	YES	NO	/data/sbi/interchange/boliva/patricia/AF3/I3L0A5/I3L0A5_model.cif	1	0	0	0	AF3_RETURN_EMPTY_INTERFACE	Preferred complete empty-interface model by ranking score and selected-model status. Model results: FAIL_EMPTY_PROTEIN_DNA_INTERFACE=6.
K7ELF3	YES	K7ELF3|gene=TCF3|primary=Identical_PWM|family=|no_active_pdb_model Transcription factor 3	151	YES	6	/data/sbi/interchange/boliva/patricia/AF3/K7ELF3/K7ELF3_model.cif;/data/sbi/interchange/boliva/patricia/AF3/K7ELF3/seed-1_sample-0/K7ELF3_seed-1_sample-0_model.cif;/data/sbi/interchange/boliva/patricia/AF3/K7ELF3/seed-1_sample-1/K7ELF3_seed-1_sample-1_model.cif;/data/sbi/interchange/boliva/patricia/AF3/K7ELF3/seed-1_sample-2/K7ELF3_seed-1_sample-2_model.cif;/data/sbi/interchange/boliva/patricia/AF3/K7ELF3/seed-1_sample-3/K7ELF3_seed-1_sample-3_model.cif;/data/sbi/interchange/boliva/patricia/AF3/K7ELF3/seed-1_sample-4/K7ELF3_seed-1_sample-4_model.cif	YES	YES	YES	YES	NO	/data/sbi/interchange/boliva/patricia/AF3/K7ELF3/K7ELF3_model.cif	1	0	0	0	AF3_RETURN_EMPTY_INTERFACE	Preferred complete empty-interface model by ranking score and selected-model status. Model results: FAIL_EMPTY_PROTEIN_DNA_INTERFACE=6.
K7EMD1	YES	K7EMD1|gene=SREBF1|primary=Identical_PWM|family=|no_active_pdb_model Sterol regulatory element binding transcription factor 1	157	YES	6	/data/sbi/interchange/boliva/patricia/AF3/K7EMD1/K7EMD1_model.cif;/data/sbi/interchange/boliva/patricia/AF3/K7EMD1/seed-1_sample-0/K7EMD1_seed-1_sample-0_model.cif;/data/sbi/interchange/boliva/patricia/AF3/K7EMD1/seed-1_sample-1/K7EMD1_seed-1_sample-1_model.cif;/data/sbi/interchange/boliva/patricia/AF3/K7EMD1/seed-1_sample-2/K7EMD1_seed-1_sample-2_model.cif;/data/sbi/interchange/boliva/patricia/AF3/K7EMD1/seed-1_sample-3/K7EMD1_seed-1_sample-3_model.cif;/data/sbi/interchange/boliva/patricia/AF3/K7EMD1/seed-1_sample-4/K7EMD1_seed-1_sample-4_model.cif	YES	YES	YES	YES	NO	/data/sbi/interchange/boliva/patricia/AF3/K7EMD1/K7EMD1_model.cif	1	0	0	0	AF3_RETURN_EMPTY_INTERFACE	Preferred complete empty-interface model by ranking score and selected-model status. Model results: FAIL_EMPTY_PROTEIN_DNA_INTERFACE=6.
K7ENI0	YES	K7ENI0|gene=TCF3|primary=Identical_PWM|family=|no_active_pdb_model Transcription factor 3	95	YES	6	/data/sbi/interchange/boliva/patricia/AF3/K7ENI0/K7ENI0_model.cif;/data/sbi/interchange/boliva/patricia/AF3/K7ENI0/seed-1_sample-0/K7ENI0_seed-1_sample-0_model.cif;/data/sbi/interchange/boliva/patricia/AF3/K7ENI0/seed-1_sample-1/K7ENI0_seed-1_sample-1_model.cif;/data/sbi/interchange/boliva/patricia/AF3/K7ENI0/seed-1_sample-2/K7ENI0_seed-1_sample-2_model.cif;/data/sbi/interchange/boliva/patricia/AF3/K7ENI0/seed-1_sample-3/K7ENI0_seed-1_sample-3_model.cif;/data/sbi/interchange/boliva/patricia/AF3/K7ENI0/seed-1_sample-4/K7ENI0_seed-1_sample-4_model.cif	YES	YES	YES	YES	NO	/data/sbi/interchange/boliva/patricia/AF3/K7ENI0/K7ENI0_model.cif	1	0	0	0	AF3_RETURN_EMPTY_INTERFACE	Preferred complete empty-interface model by ranking score and selected-model status. Model results: FAIL_EMPTY_PROTEIN_DNA_INTERFACE=6.
O14593	YES	O14593|gene=RFXANK,ANKRA1,RFXB|primary=Identical_PWM|family=Ank_2,Ank_3,Ank,Ank_4,Ank_5|no_active_pdb_model DNA-binding protein RFXANK (Ankyrin repeat family A protein 1) (Regulatory factor X subunit B) (RFX-B) (Regulatory factor X-associated ankyrin-containing protein)	260	YES	6	/data/sbi/interchange/boliva/patricia/AF3/O14593/O14593_model.cif;/data/sbi/interchange/boliva/patricia/AF3/O14593/seed-1_sample-0/O14593_seed-1_sample-0_model.cif;/data/sbi/interchange/boliva/patricia/AF3/O14593/seed-1_sample-1/O14593_seed-1_sample-1_model.cif;/data/sbi/interchange/boliva/patricia/AF3/O14593/seed-1_sample-2/O14593_seed-1_sample-2_model.cif;/data/sbi/interchange/boliva/patricia/AF3/O14593/seed-1_sample-3/O14593_seed-1_sample-3_model.cif;/data/sbi/interchange/boliva/patricia/AF3/O14593/seed-1_sample-4/O14593_seed-1_sample-4_model.cif	YES	YES	YES	YES	NO	/data/sbi/interchange/boliva/patricia/AF3/O14593/O14593_model.cif	1	0	0	0	AF3_RETURN_EMPTY_INTERFACE	Preferred complete empty-interface model by ranking score and selected-model status. Model results: FAIL_EMPTY_PROTEIN_DNA_INTERFACE=6.
O75780	YES	O75780|gene=|primary=Homologous_PWM|family=Hormone_recep|no_active_pdb_model Peroxisome proliferator-activated receptor alpha	157	YES	6	/data/sbi/interchange/boliva/patricia/AF3/O75780/O75780_model.cif;/data/sbi/interchange/boliva/patricia/AF3/O75780/seed-1_sample-0/O75780_seed-1_sample-0_model.cif;/data/sbi/interchange/boliva/patricia/AF3/O75780/seed-1_sample-1/O75780_seed-1_sample-1_model.cif;/data/sbi/interchange/boliva/patricia/AF3/O75780/seed-1_sample-2/O75780_seed-1_sample-2_model.cif;/data/sbi/interchange/boliva/patricia/AF3/O75780/seed-1_sample-3/O75780_seed-1_sample-3_model.cif;/data/sbi/interchange/boliva/patricia/AF3/O75780/seed-1_sample-4/O75780_seed-1_sample-4_model.cif	YES	YES	YES	YES	NO	/data/sbi/interchange/boliva/patricia/AF3/O75780/O75780_model.cif	1	0	0	0	AF3_RETURN_EMPTY_INTERFACE	Preferred complete empty-interface model by ranking score and selected-model status. Model results: FAIL_EMPTY_PROTEIN_DNA_INTERFACE=6.
Q13951	YES	Q13951|gene=CBFB|primary=Identical_PWM|family=|no_active_pdb_model Core-binding factor subunit beta (CBF-beta) (Polyomavirus enhancer-binding protein 2 beta subunit) (PEA2-beta) (PEBP2-beta) (SL3-3 enhancer factor 1 subunit beta) (SL3/AKV core-binding factor beta subunit)	182	YES	6	/data/sbi/interchange/boliva/patricia/AF3/Q13951/Q13951_model.cif;/data/sbi/interchange/boliva/patricia/AF3/Q13951/seed-1_sample-0/Q13951_seed-1_sample-0_model.cif;/data/sbi/interchange/boliva/patricia/AF3/Q13951/seed-1_sample-1/Q13951_seed-1_sample-1_model.cif;/data/sbi/interchange/boliva/patricia/AF3/Q13951/seed-1_sample-2/Q13951_seed-1_sample-2_model.cif;/data/sbi/interchange/boliva/patricia/AF3/Q13951/seed-1_sample-3/Q13951_seed-1_sample-3_model.cif;/data/sbi/interchange/boliva/patricia/AF3/Q13951/seed-1_sample-4/Q13951_seed-1_sample-4_model.cif	YES	YES	YES	YES	NO	/data/sbi/interchange/boliva/patricia/AF3/Q13951/Q13951_model.cif	1	0	0	0	AF3_RETURN_EMPTY_INTERFACE	Preferred complete empty-interface model by ranking score and selected-model status. Model results: FAIL_EMPTY_PROTEIN_DNA_INTERFACE=6.
Q59EB9	YES	Q59EB9|gene=|primary=Homologous_PWM|family=CHAP,Zfx_Zfy_act,Adhes-Ig_like|no_active_pdb_model X-linked zinc finger protein variant	436	YES	6	/data/sbi/interchange/boliva/patricia/AF3/Q59EB9/Q59EB9_model.cif;/data/sbi/interchange/boliva/patricia/AF3/Q59EB9/seed-1_sample-0/Q59EB9_seed-1_sample-0_model.cif;/data/sbi/interchange/boliva/patricia/AF3/Q59EB9/seed-1_sample-1/Q59EB9_seed-1_sample-1_model.cif;/data/sbi/interchange/boliva/patricia/AF3/Q59EB9/seed-1_sample-2/Q59EB9_seed-1_sample-2_model.cif;/data/sbi/interchange/boliva/patricia/AF3/Q59EB9/seed-1_sample-3/Q59EB9_seed-1_sample-3_model.cif;/data/sbi/interchange/boliva/patricia/AF3/Q59EB9/seed-1_sample-4/Q59EB9_seed-1_sample-4_model.cif	YES	YES	YES	YES	NO	/data/sbi/interchange/boliva/patricia/AF3/Q59EB9/Q59EB9_model.cif	1	0	0	0	AF3_RETURN_EMPTY_INTERFACE	Preferred complete empty-interface model by ranking score and selected-model status. Model results: FAIL_EMPTY_PROTEIN_DNA_INTERFACE=6.
Q59EF3	YES	Q59EF3|gene=|primary=Identical_PWM|family=TEA|no_active_pdb_model TEA domain family member 1 variant	371	YES	6	/data/sbi/interchange/boliva/patricia/AF3/Q59EF3/Q59EF3_model.cif;/data/sbi/interchange/boliva/patricia/AF3/Q59EF3/seed-1_sample-0/Q59EF3_seed-1_sample-0_model.cif;/data/sbi/interchange/boliva/patricia/AF3/Q59EF3/seed-1_sample-1/Q59EF3_seed-1_sample-1_model.cif;/data/sbi/interchange/boliva/patricia/AF3/Q59EF3/seed-1_sample-2/Q59EF3_seed-1_sample-2_model.cif;/data/sbi/interchange/boliva/patricia/AF3/Q59EF3/seed-1_sample-3/Q59EF3_seed-1_sample-3_model.cif;/data/sbi/interchange/boliva/patricia/AF3/Q59EF3/seed-1_sample-4/Q59EF3_seed-1_sample-4_model.cif	YES	YES	YES	YES	NO	/data/sbi/interchange/boliva/patricia/AF3/Q59EF3/Q59EF3_model.cif	1	0	0	0	AF3_RETURN_EMPTY_INTERFACE	Preferred complete empty-interface model by ranking score and selected-model status. Model results: FAIL_EMPTY_PROTEIN_DNA_INTERFACE=6.
Q5T4K9	YES	Q5T4K9|gene=CREB3L4|primary=Identical_PWM|family=|no_active_pdb_model cAMP responsive element binding protein 3 like 4	217	YES	6	/data/sbi/interchange/boliva/patricia/AF3/Q5T4K9/Q5T4K9_model.cif;/data/sbi/interchange/boliva/patricia/AF3/Q5T4K9/seed-1_sample-0/Q5T4K9_seed-1_sample-0_model.cif;/data/sbi/interchange/boliva/patricia/AF3/Q5T4K9/seed-1_sample-1/Q5T4K9_seed-1_sample-1_model.cif;/data/sbi/interchange/boliva/patricia/AF3/Q5T4K9/seed-1_sample-2/Q5T4K9_seed-1_sample-2_model.cif;/data/sbi/interchange/boliva/patricia/AF3/Q5T4K9/seed-1_sample-3/Q5T4K9_seed-1_sample-3_model.cif;/data/sbi/interchange/boliva/patricia/AF3/Q5T4K9/seed-1_sample-4/Q5T4K9_seed-1_sample-4_model.cif	YES	YES	YES	YES	NO	/data/sbi/interchange/boliva/patricia/AF3/Q5T4K9/Q5T4K9_model.cif	1	0	0	0	AF3_RETURN_EMPTY_INTERFACE	Preferred complete empty-interface model by ranking score and selected-model status. Model results: FAIL_EMPTY_PROTEIN_DNA_INTERFACE=6.
Q5T4L2	YES	Q5T4L2|gene=CREB3L4|primary=Homologous_PWM|family=DUF1590|no_active_pdb_model cAMP responsive element binding protein 3 like 4	182	YES	6	/data/sbi/interchange/boliva/patricia/AF3/Q5T4L2/Q5T4L2_model.cif;/data/sbi/interchange/boliva/patricia/AF3/Q5T4L2/seed-1_sample-0/Q5T4L2_seed-1_sample-0_model.cif;/data/sbi/interchange/boliva/patricia/AF3/Q5T4L2/seed-1_sample-1/Q5T4L2_seed-1_sample-1_model.cif;/data/sbi/interchange/boliva/patricia/AF3/Q5T4L2/seed-1_sample-2/Q5T4L2_seed-1_sample-2_model.cif;/data/sbi/interchange/boliva/patricia/AF3/Q5T4L2/seed-1_sample-3/Q5T4L2_seed-1_sample-3_model.cif;/data/sbi/interchange/boliva/patricia/AF3/Q5T4L2/seed-1_sample-4/Q5T4L2_seed-1_sample-4_model.cif	YES	YES	YES	YES	NO	/data/sbi/interchange/boliva/patricia/AF3/Q5T4L2/Q5T4L2_model.cif	1	0	0	0	AF3_RETURN_EMPTY_INTERFACE	Preferred complete empty-interface model by ranking score and selected-model status. Model results: FAIL_EMPTY_PROTEIN_DNA_INTERFACE=6.
Q5VVR5	YES	Q5VVR5|gene=TCF7L2|primary=Homologous_PWM|family=CTNNB1_binding|no_active_pdb_model Transcription factor 7 like 2	222	YES	6	/data/sbi/interchange/boliva/patricia/AF3/Q5VVR5/Q5VVR5_model.cif;/data/sbi/interchange/boliva/patricia/AF3/Q5VVR5/seed-1_sample-0/Q5VVR5_seed-1_sample-0_model.cif;/data/sbi/interchange/boliva/patricia/AF3/Q5VVR5/seed-1_sample-1/Q5VVR5_seed-1_sample-1_model.cif;/data/sbi/interchange/boliva/patricia/AF3/Q5VVR5/seed-1_sample-2/Q5VVR5_seed-1_sample-2_model.cif;/data/sbi/interchange/boliva/patricia/AF3/Q5VVR5/seed-1_sample-3/Q5VVR5_seed-1_sample-3_model.cif;/data/sbi/interchange/boliva/patricia/AF3/Q5VVR5/seed-1_sample-4/Q5VVR5_seed-1_sample-4_model.cif	YES	YES	YES	YES	NO	/data/sbi/interchange/boliva/patricia/AF3/Q5VVR5/Q5VVR5_model.cif	1	0	0	0	AF3_RETURN_EMPTY_INTERFACE	Preferred complete empty-interface model by ranking score and selected-model status. Model results: FAIL_EMPTY_PROTEIN_DNA_INTERFACE=6.
Q68D60	YES	Q68D60|gene=DKFZp686N2325|primary=Homologous_PWM|family=|no_active_pdb_model Uncharacterized protein DKFZp686N2325	150	YES	6	/data/sbi/interchange/boliva/patricia/AF3/Q68D60/Q68D60_model.cif;/data/sbi/interchange/boliva/patricia/AF3/Q68D60/seed-1_sample-0/Q68D60_seed-1_sample-0_model.cif;/data/sbi/interchange/boliva/patricia/AF3/Q68D60/seed-1_sample-1/Q68D60_seed-1_sample-1_model.cif;/data/sbi/interchange/boliva/patricia/AF3/Q68D60/seed-1_sample-2/Q68D60_seed-1_sample-2_model.cif;/data/sbi/interchange/boliva/patricia/AF3/Q68D60/seed-1_sample-3/Q68D60_seed-1_sample-3_model.cif;/data/sbi/interchange/boliva/patricia/AF3/Q68D60/seed-1_sample-4/Q68D60_seed-1_sample-4_model.cif	YES	YES	YES	YES	NO	/data/sbi/interchange/boliva/patricia/AF3/Q68D60/Q68D60_model.cif	1	0	0	0	AF3_RETURN_EMPTY_INTERFACE	Preferred complete empty-interface model by ranking score and selected-model status. Model results: FAIL_EMPTY_PROTEIN_DNA_INTERFACE=6.
Q6L9M1	YES	Q6L9M1|gene=PPARG|primary=Identical_PWM|family=PPARgamma_N|no_active_pdb_model Peroxisome proliferator-activated receptor gamma (PPAR-gamma) (Nuclear receptor subfamily 1 group C member 3)	41	YES	6	/data/sbi/interchange/boliva/patricia/AF3/Q6L9M1/Q6L9M1_model.cif;/data/sbi/interchange/boliva/patricia/AF3/Q6L9M1/seed-1_sample-0/Q6L9M1_seed-1_sample-0_model.cif;/data/sbi/interchange/boliva/patricia/AF3/Q6L9M1/seed-1_sample-1/Q6L9M1_seed-1_sample-1_model.cif;/data/sbi/interchange/boliva/patricia/AF3/Q6L9M1/seed-1_sample-2/Q6L9M1_seed-1_sample-2_model.cif;/data/sbi/interchange/boliva/patricia/AF3/Q6L9M1/seed-1_sample-3/Q6L9M1_seed-1_sample-3_model.cif;/data/sbi/interchange/boliva/patricia/AF3/Q6L9M1/seed-1_sample-4/Q6L9M1_seed-1_sample-4_model.cif	YES	YES	YES	YES	NO	/data/sbi/interchange/boliva/patricia/AF3/Q6L9M1/Q6L9M1_model.cif	1	0	0	0	AF3_RETURN_EMPTY_INTERFACE	Preferred complete empty-interface model by ranking score and selected-model status. Model results: FAIL_EMPTY_PROTEIN_DNA_INTERFACE=6.
Q6NZ39	YES	Q6NZ39|gene=LMX1A,hCG_21707|primary=Identical_PWM|family=|no_active_pdb_model LIM homeobox transcription factor 1, alpha	100	YES	6	/data/sbi/interchange/boliva/patricia/AF3/Q6NZ39/Q6NZ39_model.cif;/data/sbi/interchange/boliva/patricia/AF3/Q6NZ39/seed-1_sample-0/Q6NZ39_seed-1_sample-0_model.cif;/data/sbi/interchange/boliva/patricia/AF3/Q6NZ39/seed-1_sample-1/Q6NZ39_seed-1_sample-1_model.cif;/data/sbi/interchange/boliva/patricia/AF3/Q6NZ39/seed-1_sample-2/Q6NZ39_seed-1_sample-2_model.cif;/data/sbi/interchange/boliva/patricia/AF3/Q6NZ39/seed-1_sample-3/Q6NZ39_seed-1_sample-3_model.cif;/data/sbi/interchange/boliva/patricia/AF3/Q6NZ39/seed-1_sample-4/Q6NZ39_seed-1_sample-4_model.cif	YES	YES	YES	YES	NO	/data/sbi/interchange/boliva/patricia/AF3/Q6NZ39/Q6NZ39_model.cif	1	0	0	0	AF3_RETURN_EMPTY_INTERFACE	Preferred complete empty-interface model by ranking score and selected-model status. Model results: FAIL_EMPTY_PROTEIN_DNA_INTERFACE=6.
Q86VD4	YES	Q86VD4|gene=CREB3L2|primary=Homologous_PWM|family=|no_active_pdb_model CREB3L2 protein	200	YES	6	/data/sbi/interchange/boliva/patricia/AF3/Q86VD4/Q86VD4_model.cif;/data/sbi/interchange/boliva/patricia/AF3/Q86VD4/seed-1_sample-0/Q86VD4_seed-1_sample-0_model.cif;/data/sbi/interchange/boliva/patricia/AF3/Q86VD4/seed-1_sample-1/Q86VD4_seed-1_sample-1_model.cif;/data/sbi/interchange/boliva/patricia/AF3/Q86VD4/seed-1_sample-2/Q86VD4_seed-1_sample-2_model.cif;/data/sbi/interchange/boliva/patricia/AF3/Q86VD4/seed-1_sample-3/Q86VD4_seed-1_sample-3_model.cif;/data/sbi/interchange/boliva/patricia/AF3/Q86VD4/seed-1_sample-4/Q86VD4_seed-1_sample-4_model.cif	YES	YES	YES	YES	NO	/data/sbi/interchange/boliva/patricia/AF3/Q86VD4/Q86VD4_model.cif	1	0	0	0	AF3_RETURN_EMPTY_INTERFACE	Preferred complete empty-interface model by ranking score and selected-model status. Model results: FAIL_EMPTY_PROTEIN_DNA_INTERFACE=6.
Q8NHZ2	YES	Q8NHZ2|gene=ZFX|primary=Homologous_PWM|family=CHAP,Zfx_Zfy_act,Adhes-Ig_like|no_active_pdb_model X-linked zinc finger protein	412	YES	6	/data/sbi/interchange/boliva/patricia/AF3/Q8NHZ2/Q8NHZ2_model.cif;/data/sbi/interchange/boliva/patricia/AF3/Q8NHZ2/seed-1_sample-0/Q8NHZ2_seed-1_sample-0_model.cif;/data/sbi/interchange/boliva/patricia/AF3/Q8NHZ2/seed-1_sample-1/Q8NHZ2_seed-1_sample-1_model.cif;/data/sbi/interchange/boliva/patricia/AF3/Q8NHZ2/seed-1_sample-2/Q8NHZ2_seed-1_sample-2_model.cif;/data/sbi/interchange/boliva/patricia/AF3/Q8NHZ2/seed-1_sample-3/Q8NHZ2_seed-1_sample-3_model.cif;/data/sbi/interchange/boliva/patricia/AF3/Q8NHZ2/seed-1_sample-4/Q8NHZ2_seed-1_sample-4_model.cif	YES	YES	YES	YES	NO	/data/sbi/interchange/boliva/patricia/AF3/Q8NHZ2/Q8NHZ2_model.cif	1	0	0	0	AF3_RETURN_EMPTY_INTERFACE	Preferred complete empty-interface model by ranking score and selected-model status. Model results: FAIL_EMPTY_PROTEIN_DNA_INTERFACE=6.
Q8NHZ3	YES	Q8NHZ3|gene=ZFX|primary=Homologous_PWM|family=Zfx_Zfy_act|no_active_pdb_model X-linked zinc finger protein	174	YES	6	/data/sbi/interchange/boliva/patricia/AF3/Q8NHZ3/Q8NHZ3_model.cif;/data/sbi/interchange/boliva/patricia/AF3/Q8NHZ3/seed-1_sample-0/Q8NHZ3_seed-1_sample-0_model.cif;/data/sbi/interchange/boliva/patricia/AF3/Q8NHZ3/seed-1_sample-1/Q8NHZ3_seed-1_sample-1_model.cif;/data/sbi/interchange/boliva/patricia/AF3/Q8NHZ3/seed-1_sample-2/Q8NHZ3_seed-1_sample-2_model.cif;/data/sbi/interchange/boliva/patricia/AF3/Q8NHZ3/seed-1_sample-3/Q8NHZ3_seed-1_sample-3_model.cif;/data/sbi/interchange/boliva/patricia/AF3/Q8NHZ3/seed-1_sample-4/Q8NHZ3_seed-1_sample-4_model.cif	YES	YES	YES	YES	NO	/data/sbi/interchange/boliva/patricia/AF3/Q8NHZ3/Q8NHZ3_model.cif	1	0	0	0	AF3_RETURN_EMPTY_INTERFACE	Preferred complete empty-interface model by ranking score and selected-model status. Model results: FAIL_EMPTY_PROTEIN_DNA_INTERFACE=6.
Q8NHZ4	YES	Q8NHZ4|gene=ZFX|primary=Homologous_PWM|family=Zfx_Zfy_act,Adhes-Ig_like|no_active_pdb_model X-linked zinc finger protein	265	YES	6	/data/sbi/interchange/boliva/patricia/AF3/Q8NHZ4/Q8NHZ4_model.cif;/data/sbi/interchange/boliva/patricia/AF3/Q8NHZ4/seed-1_sample-0/Q8NHZ4_seed-1_sample-0_model.cif;/data/sbi/interchange/boliva/patricia/AF3/Q8NHZ4/seed-1_sample-1/Q8NHZ4_seed-1_sample-1_model.cif;/data/sbi/interchange/boliva/patricia/AF3/Q8NHZ4/seed-1_sample-2/Q8NHZ4_seed-1_sample-2_model.cif;/data/sbi/interchange/boliva/patricia/AF3/Q8NHZ4/seed-1_sample-3/Q8NHZ4_seed-1_sample-3_model.cif;/data/sbi/interchange/boliva/patricia/AF3/Q8NHZ4/seed-1_sample-4/Q8NHZ4_seed-1_sample-4_model.cif	YES	YES	YES	YES	NO	/data/sbi/interchange/boliva/patricia/AF3/Q8NHZ4/Q8NHZ4_model.cif	1	0	0	0	AF3_RETURN_EMPTY_INTERFACE	Preferred complete empty-interface model by ranking score and selected-model status. Model results: FAIL_EMPTY_PROTEIN_DNA_INTERFACE=6.
Q8NHZ5	YES	Q8NHZ5|gene=ZFX|primary=Homologous_PWM|family=Zfx_Zfy_act,Adhes-Ig_like|no_active_pdb_model X-linked zinc finger protein	266	YES	6	/data/sbi/interchange/boliva/patricia/AF3/Q8NHZ5/Q8NHZ5_model.cif;/data/sbi/interchange/boliva/patricia/AF3/Q8NHZ5/seed-1_sample-0/Q8NHZ5_seed-1_sample-0_model.cif;/data/sbi/interchange/boliva/patricia/AF3/Q8NHZ5/seed-1_sample-1/Q8NHZ5_seed-1_sample-1_model.cif;/data/sbi/interchange/boliva/patricia/AF3/Q8NHZ5/seed-1_sample-2/Q8NHZ5_seed-1_sample-2_model.cif;/data/sbi/interchange/boliva/patricia/AF3/Q8NHZ5/seed-1_sample-3/Q8NHZ5_seed-1_sample-3_model.cif;/data/sbi/interchange/boliva/patricia/AF3/Q8NHZ5/seed-1_sample-4/Q8NHZ5_seed-1_sample-4_model.cif	YES	YES	YES	YES	NO	/data/sbi/interchange/boliva/patricia/AF3/Q8NHZ5/Q8NHZ5_model.cif	1	0	0	0	AF3_RETURN_EMPTY_INTERFACE	Preferred complete empty-interface model by ranking score and selected-model status. Model results: FAIL_EMPTY_PROTEIN_DNA_INTERFACE=6.
Q8WXB8	YES	Q8WXB8|gene=ZFX|primary=Homologous_PWM|family=Zfx_Zfy_act|no_active_pdb_model X-linked zinc finger protein	149	YES	6	/data/sbi/interchange/boliva/patricia/AF3/Q8WXB8/Q8WXB8_model.cif;/data/sbi/interchange/boliva/patricia/AF3/Q8WXB8/seed-1_sample-0/Q8WXB8_seed-1_sample-0_model.cif;/data/sbi/interchange/boliva/patricia/AF3/Q8WXB8/seed-1_sample-1/Q8WXB8_seed-1_sample-1_model.cif;/data/sbi/interchange/boliva/patricia/AF3/Q8WXB8/seed-1_sample-2/Q8WXB8_seed-1_sample-2_model.cif;/data/sbi/interchange/boliva/patricia/AF3/Q8WXB8/seed-1_sample-3/Q8WXB8_seed-1_sample-3_model.cif;/data/sbi/interchange/boliva/patricia/AF3/Q8WXB8/seed-1_sample-4/Q8WXB8_seed-1_sample-4_model.cif	YES	YES	YES	YES	NO	/data/sbi/interchange/boliva/patricia/AF3/Q8WXB8/Q8WXB8_model.cif	1	0	0	0	AF3_RETURN_EMPTY_INTERFACE	Preferred complete empty-interface model by ranking score and selected-model status. Model results: FAIL_EMPTY_PROTEIN_DNA_INTERFACE=6.
Q8WXB9	YES	Q8WXB9|gene=ZFX|primary=Homologous_PWM|family=Zfx_Zfy_act|no_active_pdb_model X-linked zinc finger protein	149	YES	6	/data/sbi/interchange/boliva/patricia/AF3/Q8WXB9/Q8WXB9_model.cif;/data/sbi/interchange/boliva/patricia/AF3/Q8WXB9/seed-1_sample-0/Q8WXB9_seed-1_sample-0_model.cif;/data/sbi/interchange/boliva/patricia/AF3/Q8WXB9/seed-1_sample-1/Q8WXB9_seed-1_sample-1_model.cif;/data/sbi/interchange/boliva/patricia/AF3/Q8WXB9/seed-1_sample-2/Q8WXB9_seed-1_sample-2_model.cif;/data/sbi/interchange/boliva/patricia/AF3/Q8WXB9/seed-1_sample-3/Q8WXB9_seed-1_sample-3_model.cif;/data/sbi/interchange/boliva/patricia/AF3/Q8WXB9/seed-1_sample-4/Q8WXB9_seed-1_sample-4_model.cif	YES	YES	YES	YES	NO	/data/sbi/interchange/boliva/patricia/AF3/Q8WXB9/Q8WXB9_model.cif	1	0	0	0	AF3_RETURN_EMPTY_INTERFACE	Preferred complete empty-interface model by ranking score and selected-model status. Model results: FAIL_EMPTY_PROTEIN_DNA_INTERFACE=6.
Q96QL7	YES	Q96QL7|gene=ATF6B|primary=Homologous_PWM|family=|no_active_pdb_model ATF6B protein (cAMP responsive element binding protein-like 1)	318	YES	6	/data/sbi/interchange/boliva/patricia/AF3/Q96QL7/Q96QL7_model.cif;/data/sbi/interchange/boliva/patricia/AF3/Q96QL7/seed-1_sample-0/Q96QL7_seed-1_sample-0_model.cif;/data/sbi/interchange/boliva/patricia/AF3/Q96QL7/seed-1_sample-1/Q96QL7_seed-1_sample-1_model.cif;/data/sbi/interchange/boliva/patricia/AF3/Q96QL7/seed-1_sample-2/Q96QL7_seed-1_sample-2_model.cif;/data/sbi/interchange/boliva/patricia/AF3/Q96QL7/seed-1_sample-3/Q96QL7_seed-1_sample-3_model.cif;/data/sbi/interchange/boliva/patricia/AF3/Q96QL7/seed-1_sample-4/Q96QL7_seed-1_sample-4_model.cif	YES	YES	YES	YES	NO	/data/sbi/interchange/boliva/patricia/AF3/Q96QL7/Q96QL7_model.cif	1	0	0	0	AF3_RETURN_EMPTY_INTERFACE	Preferred complete empty-interface model by ranking score and selected-model status. Model results: FAIL_EMPTY_PROTEIN_DNA_INTERFACE=6.
Q9Y2W8	YES	Q9Y2W8|gene=|primary=Identical_PWM|family=Hormone_recep|no_active_pdb_model Alternatively-spliced estrogen receptor alpha	113	YES	6	/data/sbi/interchange/boliva/patricia/AF3/Q9Y2W8/Q9Y2W8_model.cif;/data/sbi/interchange/boliva/patricia/AF3/Q9Y2W8/seed-1_sample-0/Q9Y2W8_seed-1_sample-0_model.cif;/data/sbi/interchange/boliva/patricia/AF3/Q9Y2W8/seed-1_sample-1/Q9Y2W8_seed-1_sample-1_model.cif;/data/sbi/interchange/boliva/patricia/AF3/Q9Y2W8/seed-1_sample-2/Q9Y2W8_seed-1_sample-2_model.cif;/data/sbi/interchange/boliva/patricia/AF3/Q9Y2W8/seed-1_sample-3/Q9Y2W8_seed-1_sample-3_model.cif;/data/sbi/interchange/boliva/patricia/AF3/Q9Y2W8/seed-1_sample-4/Q9Y2W8_seed-1_sample-4_model.cif	YES	YES	YES	YES	NO	/data/sbi/interchange/boliva/patricia/AF3/Q9Y2W8/Q9Y2W8_model.cif	1	0	0	0	AF3_RETURN_EMPTY_INTERFACE	Preferred complete empty-interface model by ranking score and selected-model status. Model results: FAIL_EMPTY_PROTEIN_DNA_INTERFACE=6.
X5D8U0	YES	X5D8U0|gene=ARNT2|primary=Homologous_PWM|family=PAS,PAS_9,PAS_6,PAS_3|no_active_pdb_model Aryl-hydrocarbon receptor nuclear translocator 2 isoform G	435	YES	6	/data/sbi/interchange/boliva/patricia/AF3/X5D8U0/X5D8U0_model.cif;/data/sbi/interchange/boliva/patricia/AF3/X5D8U0/seed-1_sample-0/X5D8U0_seed-1_sample-0_model.cif;/data/sbi/interchange/boliva/patricia/AF3/X5D8U0/seed-1_sample-1/X5D8U0_seed-1_sample-1_model.cif;/data/sbi/interchange/boliva/patricia/AF3/X5D8U0/seed-1_sample-2/X5D8U0_seed-1_sample-2_model.cif;/data/sbi/interchange/boliva/patricia/AF3/X5D8U0/seed-1_sample-3/X5D8U0_seed-1_sample-3_model.cif;/data/sbi/interchange/boliva/patricia/AF3/X5D8U0/seed-1_sample-4/X5D8U0_seed-1_sample-4_model.cif	YES	YES	YES	YES	NO	/data/sbi/interchange/boliva/patricia/AF3/X5D8U0/X5D8U0_model.cif	1	0	0	0	AF3_RETURN_EMPTY_INTERFACE	Preferred complete empty-interface model by ranking score and selected-model status. Model results: FAIL_EMPTY_PROTEIN_DNA_INTERFACE=6.
